-- 1) Заполнить все таблицы БД vk данными (по 10-100 записей в каждой таблице).

DROP DATABASE IF EXISTS vk;
CREATE DATABASE vk;
USE vk;

/*!40101 SET @OLD_CHARACTER_SET_CLIENT=@@CHARACTER_SET_CLIENT */;
/*!40101 SET @OLD_CHARACTER_SET_RESULTS=@@CHARACTER_SET_RESULTS */;
/*!40101 SET @OLD_COLLATION_CONNECTION=@@COLLATION_CONNECTION */;
/*!40101 SET NAMES utf8mb4 */;
/*!40103 SET @OLD_TIME_ZONE=@@TIME_ZONE */;
/*!40103 SET TIME_ZONE='+00:00' */;
/*!40014 SET @OLD_UNIQUE_CHECKS=@@UNIQUE_CHECKS, UNIQUE_CHECKS=0 */;
/*!40014 SET @OLD_FOREIGN_KEY_CHECKS=@@FOREIGN_KEY_CHECKS, FOREIGN_KEY_CHECKS=0 */;
/*!40101 SET @OLD_SQL_MODE=@@SQL_MODE, SQL_MODE='NO_AUTO_VALUE_ON_ZERO' */;
/*!40111 SET @OLD_SQL_NOTES=@@SQL_NOTES, SQL_NOTES=0 */;

--
-- Table structure for table `communities`
--

DROP TABLE IF EXISTS `communities`;
/*!40101 SET @saved_cs_client     = @@character_set_client */;
/*!40101 SET character_set_client = utf8 */;
CREATE TABLE `communities` (
  `id` bigint(20) unsigned NOT NULL AUTO_INCREMENT,
  `name` varchar(150) COLLATE utf8mb4_unicode_ci DEFAULT NULL,
  `admin_user_id` bigint(20) unsigned DEFAULT NULL,
  PRIMARY KEY (`id`),
  KEY `communities_name_idx` (`name`),
  KEY `admin_user_id` (`admin_user_id`),
  CONSTRAINT `communities_ibfk_1` FOREIGN KEY (`admin_user_id`) REFERENCES `users` (`id`) ON DELETE SET NULL ON UPDATE CASCADE
) ENGINE=InnoDB AUTO_INCREMENT=101 DEFAULT CHARSET=utf8mb4 COLLATE=utf8mb4_unicode_ci;
/*!40101 SET character_set_client = @saved_cs_client */;

--
-- Dumping data for table `communities`
--

LOCK TABLES `communities` WRITE;
/*!40000 ALTER TABLE `communities` DISABLE KEYS */;
INSERT INTO `communities` VALUES (1,'dolores',1),(2,'dolores',2),(3,'sit',3),(4,'itaque',4),(5,'magni',5),(6,'quaerat',6),(7,'repellendus',7),(8,'odio',8),(9,'quos',9),(10,'omnis',10),(11,'ipsum',11),(12,'dignissimos',12),(13,'ut',13),(14,'itaque',14),(15,'accusantium',15),(16,'praesentium',16),(17,'magnam',17),(18,'quam',18),(19,'velit',19),(20,'unde',20),(21,'eligendi',21),(22,'voluptatibus',22),(23,'omnis',23),(24,'voluptatem',24),(25,'veritatis',25),(26,'ut',26),(27,'perspiciatis',27),(28,'corrupti',28),(29,'accusamus',29),(30,'ratione',30),(31,'nostrum',31),(32,'voluptas',32),(33,'quos',33),(34,'quidem',34),(35,'et',35),(36,'eum',36),(37,'eos',37),(38,'magnam',38),(39,'beatae',39),(40,'et',40),(41,'adipisci',41),(42,'et',42),(43,'commodi',43),(44,'omnis',44),(45,'maxime',45),(46,'dolorem',46),(47,'et',47),(48,'voluptatibus',48),(49,'laborum',49),(50,'quasi',50),(51,'unde',51),(52,'dignissimos',52),(53,'voluptatum',53),(54,'voluptas',54),(55,'aliquid',55),(56,'ea',56),(57,'perspiciatis',57),(58,'est',58),(59,'reiciendis',59),(60,'doloremque',60),(61,'repellat',61),(62,'et',62),(63,'incidunt',63),(64,'fuga',64),(65,'illo',65),(66,'recusandae',66),(67,'pariatur',67),(68,'illo',68),(69,'vitae',69),(70,'nostrum',70),(71,'et',71),(72,'consequatur',72),(73,'debitis',73),(74,'ut',74),(75,'error',75),(76,'est',76),(77,'officiis',77),(78,'ea',78),(79,'id',79),(80,'asperiores',80),(81,'officia',81),(82,'minima',82),(83,'amet',83),(84,'mollitia',84),(85,'qui',85),(86,'quasi',86),(87,'nihil',87),(88,'facere',88),(89,'nobis',89),(90,'voluptate',90),(91,'omnis',91),(92,'recusandae',92),(93,'et',93),(94,'aut',94),(95,'qui',95),(96,'est',96),(97,'et',97),(98,'sit',98),(99,'quisquam',99),(100,'similique',100);
/*!40000 ALTER TABLE `communities` ENABLE KEYS */;
UNLOCK TABLES;

--
-- Table structure for table `friend_requests`
--

DROP TABLE IF EXISTS `friend_requests`;
/*!40101 SET @saved_cs_client     = @@character_set_client */;
/*!40101 SET character_set_client = utf8 */;
CREATE TABLE `friend_requests` (
  `initiator_user_id` bigint(20) unsigned NOT NULL,
  `target_user_id` bigint(20) unsigned NOT NULL,
  `status` enum('requested','approved','declined','unfriended') COLLATE utf8mb4_unicode_ci DEFAULT NULL,
  `requested_at` datetime DEFAULT current_timestamp(),
  `updated_at` datetime DEFAULT NULL ON UPDATE current_timestamp(),
  PRIMARY KEY (`initiator_user_id`,`target_user_id`),
  KEY `target_user_id` (`target_user_id`),
  CONSTRAINT `friend_requests_ibfk_1` FOREIGN KEY (`initiator_user_id`) REFERENCES `users` (`id`) ON DELETE CASCADE ON UPDATE CASCADE,
  CONSTRAINT `friend_requests_ibfk_2` FOREIGN KEY (`target_user_id`) REFERENCES `users` (`id`) ON DELETE CASCADE ON UPDATE CASCADE
) ENGINE=InnoDB DEFAULT CHARSET=utf8mb4 COLLATE=utf8mb4_unicode_ci;
/*!40101 SET character_set_client = @saved_cs_client */;

--
-- Dumping data for table `friend_requests`
--

LOCK TABLES `friend_requests` WRITE;
/*!40000 ALTER TABLE `friend_requests` DISABLE KEYS */;
INSERT INTO `friend_requests` VALUES (1,1,'unfriended','1994-08-02 15:24:59','1999-04-14 04:23:34'),(2,2,'approved','2013-05-06 16:11:23','1986-08-25 02:27:41'),(3,3,'approved','1971-12-24 20:48:40','1998-05-23 15:22:08'),(4,4,'unfriended','2018-06-26 10:18:41','2000-04-10 13:44:20'),(5,5,'unfriended','2000-03-14 16:48:21','2006-03-05 04:51:17'),(6,6,'approved','2018-01-08 07:10:55','2011-04-04 16:18:55'),(7,7,'approved','1998-09-10 00:48:31','1973-09-14 22:23:07'),(8,8,'approved','2006-05-08 21:13:33','2013-12-05 05:22:42'),(9,9,'requested','1980-10-01 13:10:15','2016-08-19 12:20:44'),(10,10,'declined','1972-12-23 13:05:33','1977-06-22 05:37:46'),(11,11,'requested','2008-03-13 22:47:02','2007-01-10 01:30:33'),(12,12,'declined','1979-03-07 10:04:48','1995-03-18 14:59:23'),(13,13,'unfriended','1977-04-16 13:32:44','2008-06-08 09:21:54'),(14,14,'unfriended','2014-04-03 02:36:20','2015-05-08 12:03:26'),(15,15,'unfriended','2013-01-28 00:51:51','1971-07-12 18:11:56'),(16,16,'approved','1995-10-06 09:00:22','1992-06-29 13:00:14'),(17,17,'unfriended','1977-08-30 05:12:20','1979-01-15 22:56:05'),(18,18,'approved','2021-07-10 18:51:20','1971-09-17 15:56:12'),(19,19,'approved','1980-09-07 08:38:11','1988-04-02 06:31:19'),(20,20,'declined','1985-04-16 04:23:03','1976-09-08 12:02:40'),(21,21,'unfriended','1991-09-20 21:51:51','2010-11-22 16:27:54'),(22,22,'approved','2018-10-21 13:03:30','1989-02-25 04:13:40'),(23,23,'unfriended','2003-07-01 09:37:38','1974-12-30 11:52:18'),(24,24,'requested','1972-07-27 19:20:41','2021-09-17 08:20:38'),(25,25,'unfriended','1987-01-28 15:55:12','1993-02-03 18:30:32'),(26,26,'declined','2005-09-24 19:03:30','2013-01-15 17:17:45'),(27,27,'declined','2009-06-06 07:47:21','1978-02-12 01:31:21'),(28,28,'unfriended','2016-05-12 17:51:00','2010-12-04 07:09:28'),(29,29,'declined','1986-01-22 02:18:37','1974-05-30 15:11:34'),(30,30,'approved','1978-07-25 01:31:32','2001-09-11 00:36:09'),(31,31,'requested','1974-01-06 01:19:53','2007-08-17 07:20:31'),(32,32,'approved','1986-11-16 14:49:35','1983-03-23 00:46:32'),(33,33,'approved','1990-03-25 00:47:38','2000-01-01 14:15:39'),(34,34,'approved','2003-07-23 23:12:00','1985-12-25 16:26:53'),(35,35,'unfriended','1988-03-28 00:08:19','1985-10-07 02:37:23'),(36,36,'requested','1979-05-11 16:26:10','2001-02-08 00:07:19'),(37,37,'declined','2007-01-09 12:31:47','1974-07-18 15:14:49'),(38,38,'approved','1973-04-07 19:33:31','2005-09-16 19:41:10'),(39,39,'approved','2010-07-27 21:39:56','1979-03-23 22:14:39'),(40,40,'declined','1986-06-15 21:45:14','2015-01-19 18:35:13'),(41,41,'approved','1987-08-25 12:02:49','1985-01-31 17:42:15'),(42,42,'requested','2004-02-21 04:46:37','1974-12-18 07:31:26'),(43,43,'approved','1972-12-22 00:36:31','1992-09-08 01:08:59'),(44,44,'declined','1988-06-16 16:07:49','1982-09-27 11:51:15'),(45,45,'requested','1970-04-25 15:59:56','1996-12-27 13:10:45'),(46,46,'requested','2011-02-11 23:14:23','2020-10-15 22:19:49'),(47,47,'declined','1979-06-02 09:21:23','1985-02-26 11:58:08'),(48,48,'requested','2004-04-07 14:28:39','2018-02-13 07:38:42'),(49,49,'declined','2009-04-28 17:22:49','1979-12-01 01:25:47'),(50,50,'requested','1975-09-05 20:57:13','1979-08-15 04:35:31'),(51,51,'approved','1976-06-05 18:03:37','1994-06-16 03:25:02'),(52,52,'unfriended','1981-09-14 05:26:59','1988-08-10 18:02:10'),(53,53,'unfriended','1972-04-01 09:39:14','2012-06-27 18:09:20'),(54,54,'requested','1981-01-28 20:43:36','1998-10-24 19:15:16'),(55,55,'approved','1972-11-14 04:53:29','1976-06-16 10:25:22'),(56,56,'unfriended','2011-11-25 22:09:37','1985-07-29 11:34:55'),(57,57,'approved','1985-12-30 18:41:50','1977-12-03 02:16:41'),(58,58,'requested','1996-04-04 10:23:29','1975-12-07 19:52:41'),(59,59,'unfriended','1989-01-19 12:51:00','1995-07-07 08:36:10'),(60,60,'declined','1997-03-06 15:48:09','2001-09-09 12:26:57'),(61,61,'approved','2006-10-15 15:55:01','1983-02-14 06:41:42'),(62,62,'declined','1988-03-02 03:34:03','2019-11-02 02:01:45'),(63,63,'requested','2011-03-08 09:42:03','2016-02-04 09:44:34'),(64,64,'unfriended','1974-05-14 05:57:04','1985-08-03 22:06:18'),(65,65,'unfriended','2009-06-23 08:57:45','1981-07-18 18:49:28'),(66,66,'unfriended','1991-07-17 12:19:55','1978-05-15 22:00:50'),(67,67,'requested','1998-10-20 23:35:08','2019-06-04 01:55:21'),(68,68,'unfriended','1979-06-15 14:14:02','1986-11-27 06:03:32'),(69,69,'unfriended','2020-03-17 15:17:50','2004-01-05 00:59:27'),(70,70,'requested','1997-11-24 04:26:36','2017-08-08 12:49:45'),(71,71,'unfriended','1988-09-12 19:30:32','1978-08-13 01:57:32'),(72,72,'requested','1974-12-01 23:04:48','2021-01-07 05:14:12'),(73,73,'unfriended','2013-09-16 04:30:05','2005-06-15 12:06:58'),(74,74,'approved','1996-10-29 20:10:49','1970-03-21 14:26:20'),(75,75,'unfriended','2001-02-17 10:49:33','2011-12-09 12:15:31'),(76,76,'approved','1970-05-11 16:18:42','2016-06-12 09:04:01'),(77,77,'unfriended','1991-12-07 20:59:19','2005-02-12 13:30:54'),(78,78,'declined','1971-11-13 01:21:35','2007-05-05 02:11:53'),(79,79,'unfriended','1975-07-22 06:00:21','1973-04-18 00:18:25'),(80,80,'requested','1977-11-06 09:13:08','2004-01-02 19:37:30'),(81,81,'declined','1996-10-24 08:18:42','2011-11-25 19:44:53'),(82,82,'approved','1998-10-20 07:30:30','2020-11-10 15:26:06'),(83,83,'declined','2021-06-05 14:45:36','1998-05-21 08:47:28'),(84,84,'unfriended','1989-10-05 15:05:02','2002-02-04 11:52:15'),(85,85,'unfriended','1973-03-05 18:41:51','1989-01-24 15:41:25'),(86,86,'unfriended','2014-08-23 01:17:03','1984-02-24 22:47:25'),(87,87,'declined','2000-12-04 23:59:00','2002-06-03 22:14:01'),(88,88,'unfriended','1999-10-11 12:44:54','1996-02-12 04:32:58'),(89,89,'requested','1989-06-09 05:01:32','1989-11-19 11:01:55'),(90,90,'declined','1990-02-02 01:54:38','2012-05-17 05:53:39'),(91,91,'unfriended','1994-08-25 08:55:08','1986-01-06 03:29:06'),(92,92,'unfriended','1981-02-20 20:10:22','1977-04-21 03:45:00'),(93,93,'declined','1997-10-18 17:35:49','2004-09-23 03:51:58'),(94,94,'approved','2020-09-25 08:38:21','2015-02-10 06:52:29'),(95,95,'requested','2018-01-15 12:35:25','1998-02-22 08:32:07'),(96,96,'unfriended','1987-12-24 22:22:36','1977-12-03 01:36:39'),(97,97,'declined','1974-04-15 16:52:03','2002-03-12 18:20:09'),(98,98,'requested','1992-04-09 05:29:45','1986-06-09 18:34:57'),(99,99,'approved','1988-10-28 04:56:57','2017-06-08 12:25:09'),(100,100,'approved','1973-03-05 09:32:51','2008-01-22 04:01:16');
/*!40000 ALTER TABLE `friend_requests` ENABLE KEYS */;
UNLOCK TABLES;

--
-- Table structure for table `likes`
--

DROP TABLE IF EXISTS `likes`;
/*!40101 SET @saved_cs_client     = @@character_set_client */;
/*!40101 SET character_set_client = utf8 */;
CREATE TABLE `likes` (
  `id` bigint(20) unsigned NOT NULL AUTO_INCREMENT,
  `user_id` bigint(20) unsigned NOT NULL,
  `media_id` bigint(20) unsigned NOT NULL,
  `created_at` datetime DEFAULT current_timestamp(),
  PRIMARY KEY (`id`),
  KEY `user_id` (`user_id`),
  KEY `media_id` (`media_id`),
  CONSTRAINT `likes_ibfk_1` FOREIGN KEY (`user_id`) REFERENCES `users` (`id`) ON DELETE CASCADE ON UPDATE CASCADE,
  CONSTRAINT `likes_ibfk_2` FOREIGN KEY (`media_id`) REFERENCES `media` (`id`) ON DELETE CASCADE ON UPDATE CASCADE
) ENGINE=InnoDB AUTO_INCREMENT=101 DEFAULT CHARSET=utf8mb4 COLLATE=utf8mb4_unicode_ci;
/*!40101 SET character_set_client = @saved_cs_client */;

--
-- Dumping data for table `likes`
--

LOCK TABLES `likes` WRITE;
/*!40000 ALTER TABLE `likes` DISABLE KEYS */;
INSERT INTO `likes` VALUES (1,1,1,'1982-08-01 15:56:15'),(2,2,2,'1990-04-15 03:31:11'),(3,3,3,'2015-03-15 00:53:24'),(4,4,4,'1978-11-12 20:39:07'),(5,5,5,'1975-09-28 03:08:53'),(6,6,6,'1970-04-27 07:08:22'),(7,7,7,'2014-01-15 20:26:21'),(8,8,8,'1982-08-05 18:05:38'),(9,9,9,'1990-07-12 12:29:08'),(10,10,10,'1989-03-24 05:36:04'),(11,11,11,'1973-01-23 05:48:58'),(12,12,12,'1989-08-29 17:30:23'),(13,13,13,'2008-10-07 08:34:18'),(14,14,14,'1988-02-23 09:43:35'),(15,15,15,'1973-01-23 02:00:35'),(16,16,16,'2008-11-14 03:00:16'),(17,17,17,'1975-03-25 19:44:47'),(18,18,18,'1977-08-22 04:23:44'),(19,19,19,'2014-08-01 09:55:14'),(20,20,20,'1983-07-23 07:37:04'),(21,21,21,'2017-07-31 00:16:57'),(22,22,22,'1985-09-10 22:14:48'),(23,23,23,'2007-01-22 04:18:24'),(24,24,24,'2000-08-21 06:11:28'),(25,25,25,'2015-03-24 06:42:15'),(26,26,26,'2015-10-07 20:46:06'),(27,27,27,'1992-06-10 05:41:52'),(28,28,28,'2000-05-10 21:22:33'),(29,29,29,'1985-01-21 06:12:08'),(30,30,30,'1997-02-27 06:18:11'),(31,31,31,'2012-10-24 10:54:37'),(32,32,32,'1985-08-21 20:23:30'),(33,33,33,'1990-10-06 20:50:47'),(34,34,34,'2013-10-09 04:06:12'),(35,35,35,'2000-10-28 20:08:36'),(36,36,36,'1974-04-06 17:12:59'),(37,37,37,'1988-11-20 13:44:13'),(38,38,38,'2004-10-19 22:27:35'),(39,39,39,'1986-11-05 10:45:52'),(40,40,40,'1970-08-04 18:42:17'),(41,41,41,'1981-11-06 21:45:46'),(42,42,42,'1995-09-04 03:01:34'),(43,43,43,'2011-03-01 22:42:19'),(44,44,44,'1983-06-17 11:52:50'),(45,45,45,'1999-02-05 08:37:18'),(46,46,46,'1996-03-20 06:03:53'),(47,47,47,'1986-08-03 00:39:37'),(48,48,48,'1970-07-12 06:57:23'),(49,49,49,'2004-11-05 15:58:02'),(50,50,50,'2004-11-26 12:05:19'),(51,51,51,'2015-03-16 00:40:07'),(52,52,52,'2016-10-12 09:46:56'),(53,53,53,'1982-06-18 22:04:59'),(54,54,54,'1976-06-21 21:44:57'),(55,55,55,'2018-07-15 01:14:18'),(56,56,56,'1978-07-26 14:49:39'),(57,57,57,'1976-04-02 02:02:10'),(58,58,58,'2019-06-10 13:23:51'),(59,59,59,'2010-01-07 07:46:19'),(60,60,60,'1998-12-13 16:24:32'),(61,61,61,'2006-11-29 01:46:49'),(62,62,62,'1999-08-07 23:16:30'),(63,63,63,'1975-06-25 11:46:56'),(64,64,64,'1981-07-26 16:45:59'),(65,65,65,'1980-05-27 09:59:47'),(66,66,66,'2007-05-02 08:10:22'),(67,67,67,'1989-03-14 08:23:48'),(68,68,68,'2007-01-14 14:11:19'),(69,69,69,'1974-03-16 03:16:15'),(70,70,70,'1994-03-14 11:16:23'),(71,71,71,'1995-12-11 21:09:49'),(72,72,72,'1971-06-28 22:57:54'),(73,73,73,'1974-08-06 07:33:59'),(74,74,74,'1996-11-10 05:21:31'),(75,75,75,'2014-04-28 15:03:14'),(76,76,76,'2008-03-29 20:53:20'),(77,77,77,'1976-03-05 19:13:38'),(78,78,78,'2010-09-22 19:02:41'),(79,79,79,'2001-01-15 07:06:36'),(80,80,80,'1993-11-18 21:13:53'),(81,81,81,'1993-07-06 22:17:38'),(82,82,82,'2010-12-29 01:23:01'),(83,83,83,'1978-05-10 00:16:57'),(84,84,84,'1980-12-01 03:08:01'),(85,85,85,'1977-02-16 03:38:50'),(86,86,86,'2001-06-28 22:10:48'),(87,87,87,'1974-12-26 16:04:55'),(88,88,88,'1998-07-17 19:17:27'),(89,89,89,'2009-07-06 17:43:00'),(90,90,90,'1996-02-02 22:51:33'),(91,91,91,'1995-12-31 18:49:41'),(92,92,92,'1981-11-14 17:52:20'),(93,93,93,'2014-05-30 10:30:30'),(94,94,94,'1985-05-23 02:59:36'),(95,95,95,'1983-10-18 10:15:43'),(96,96,96,'2014-10-01 21:30:04'),(97,97,97,'1974-08-31 17:12:29'),(98,98,98,'1990-10-07 03:51:14'),(99,99,99,'2006-07-20 14:44:10'),(100,100,100,'2000-05-01 16:29:23');
/*!40000 ALTER TABLE `likes` ENABLE KEYS */;
UNLOCK TABLES;

--
-- Table structure for table `media`
--

DROP TABLE IF EXISTS `media`;
/*!40101 SET @saved_cs_client     = @@character_set_client */;
/*!40101 SET character_set_client = utf8 */;
CREATE TABLE `media` (
  `id` bigint(20) unsigned NOT NULL AUTO_INCREMENT,
  `media_type_id` bigint(20) unsigned DEFAULT NULL,
  `user_id` bigint(20) unsigned NOT NULL,
  `body` text COLLATE utf8mb4_unicode_ci DEFAULT NULL,
  `filename` varchar(255) COLLATE utf8mb4_unicode_ci DEFAULT NULL,
  `size` int(11) DEFAULT NULL,
  `metadata` longtext CHARACTER SET utf8mb4 COLLATE utf8mb4_bin DEFAULT NULL CHECK (json_valid(`metadata`)),
  `created_at` datetime DEFAULT current_timestamp(),
  `updated_at` datetime DEFAULT current_timestamp() ON UPDATE current_timestamp(),
  PRIMARY KEY (`id`),
  KEY `user_id` (`user_id`),
  KEY `media_type_id` (`media_type_id`),
  CONSTRAINT `media_ibfk_1` FOREIGN KEY (`user_id`) REFERENCES `users` (`id`) ON DELETE CASCADE ON UPDATE CASCADE,
  CONSTRAINT `media_ibfk_2` FOREIGN KEY (`media_type_id`) REFERENCES `media_types` (`id`) ON DELETE SET NULL ON UPDATE CASCADE
) ENGINE=InnoDB AUTO_INCREMENT=101 DEFAULT CHARSET=utf8mb4 COLLATE=utf8mb4_unicode_ci;
/*!40101 SET character_set_client = @saved_cs_client */;

--
-- Dumping data for table `media`
--

LOCK TABLES `media` WRITE;
/*!40000 ALTER TABLE `media` DISABLE KEYS */;
INSERT INTO `media` VALUES (1,1,1,'Molestias et repellat non in. Rerum distinctio at quas velit culpa officiis sint. Odio quod minus est aliquid.','quisquam',574,NULL,'2001-11-28 12:55:12','1973-10-22 00:53:30'),(2,2,2,'Est nam laborum sapiente dolore et fugiat aperiam tenetur. Maiores fugit reprehenderit deleniti. Sed rem et illo reprehenderit.','quis',0,NULL,'1993-09-01 09:09:23','2010-06-22 23:31:07'),(3,3,3,'Dolor neque et perspiciatis vitae ipsam voluptates nam. Aspernatur possimus aspernatur nesciunt aut qui quas reiciendis. Rerum asperiores similique molestiae tenetur aliquid beatae cum. Est excepturi consectetur vel quam ipsa.','id',108044168,NULL,'1982-02-01 13:39:28','2021-04-16 18:06:48'),(4,4,4,'Rerum unde ex aut perferendis. Quibusdam laboriosam molestiae dignissimos omnis. Ut mollitia dolorum voluptas. Velit mollitia non ut omnis dolores.','consequatur',66425,NULL,'1975-10-06 02:49:25','2020-03-13 09:43:13'),(5,5,5,'Exercitationem velit autem suscipit non consequuntur consequatur rerum sit. Nam harum fugit quo quos ullam. Vitae iusto sit quis corporis odio est commodi voluptatem.','id',2,NULL,'1992-03-27 21:27:44','2019-07-30 14:06:27'),(6,6,6,'Perferendis iste fugit autem magni natus soluta accusantium. Maiores ut voluptatem asperiores atque adipisci. Asperiores omnis fugiat necessitatibus.','occaecati',6141066,NULL,'1996-12-03 05:54:09','2020-04-15 04:09:02'),(7,7,7,'Quasi quo officiis rerum. Enim atque quaerat ratione officiis adipisci magni qui. Voluptatem et aut voluptas libero dolores laborum quod sint. Et harum voluptates rem rerum. Odio ab dolore et molestiae consequatur.','ipsa',537454814,NULL,'1970-12-20 16:43:47','1988-11-26 20:12:37'),(8,8,8,'Animi quas distinctio et sed accusantium voluptatibus. Quaerat ab facere et quibusdam vel ut. Consequatur et sit accusamus totam.','veniam',0,NULL,'1995-10-14 01:59:24','1986-07-11 17:58:59'),(9,9,9,'Et provident et autem natus quia consequuntur quae. Consequuntur accusantium est velit enim. Qui in et totam culpa nisi cupiditate.','ut',50874,NULL,'2002-11-06 12:33:41','1991-07-10 18:13:51'),(10,10,10,'Unde deserunt aut et at. Laborum voluptate deleniti aperiam rerum impedit quis dolorem a. Veritatis sit accusantium quod facilis quam. Quia quos dolore et nesciunt cupiditate quia illum.','maxime',0,NULL,'1982-08-24 14:53:48','1971-05-27 12:58:27'),(11,1,11,'Doloremque quisquam vero et laudantium officia ea. Cupiditate dolores aut dolor eum ratione. Autem quo unde dolor non pariatur qui.','deleniti',205726,NULL,'2004-11-07 15:42:58','1974-12-07 11:53:56'),(12,2,12,'Facilis earum ad repudiandae unde et consequatur commodi quas. Rerum tenetur enim error ipsum. Eaque voluptas qui eligendi sint ut molestiae.','sint',3458027,NULL,'1986-03-24 22:53:02','1973-05-19 02:08:19'),(13,3,13,'Labore ipsum iure adipisci est natus rerum corrupti eaque. Adipisci velit labore ipsa id sequi. Aut voluptas magni doloremque delectus. Delectus adipisci qui et officia at eos.','eligendi',3745,NULL,'1995-02-18 01:24:33','1975-12-13 04:19:39'),(14,4,14,'Sit ullam consequatur aut doloremque. Sequi ab soluta aut nulla. Qui reprehenderit voluptatem labore doloribus iusto qui.','nisi',5,NULL,'2020-02-17 21:37:30','2014-05-08 14:22:11'),(15,5,15,'Placeat asperiores magnam voluptatum autem nulla nemo ullam. Ea ut animi vero nam est est optio. Soluta praesentium dolor doloremque. Laboriosam in maiores id culpa.','dolorem',833046921,NULL,'1994-11-12 19:38:25','2003-08-28 10:08:59'),(16,6,16,'Fugiat occaecati odio fuga. Ratione earum omnis iste rerum. Et qui quis qui commodi. Delectus natus ut ullam consequatur consequatur unde.','perferendis',521382,NULL,'2004-11-12 02:23:19','1987-04-29 00:35:41'),(17,7,17,'Tempore vel eos voluptatum. Officiis ipsum et laboriosam. Impedit incidunt qui rerum est quia illum inventore. Cumque quae qui omnis accusantium est et esse.','ipsam',7,NULL,'2014-04-19 07:42:38','2006-07-08 12:16:46'),(18,8,18,'Cupiditate occaecati aut accusantium iste dignissimos sed nobis voluptates. Ut a illum aut possimus saepe rerum dolor. Dolorem ea qui placeat dolor non doloremque.','cum',0,NULL,'1986-03-02 09:49:22','2012-02-21 01:49:44'),(19,9,19,'Consequuntur rerum dolor dolorum quia sit dolor labore. Ullam consequatur ipsa rerum provident. Inventore enim est aut sint ex.','aliquid',9289231,NULL,'2019-11-21 02:49:43','1987-09-18 12:30:56'),(20,10,20,'Tenetur ipsum praesentium vitae aut rerum. Amet non est quasi ducimus harum explicabo rem ipsam. Est ut excepturi voluptatem corrupti distinctio ut dolorem. Et harum saepe sunt ad dolore tempora perferendis.','et',4,NULL,'1972-02-06 22:50:17','2010-08-02 13:44:24'),(21,1,21,'Culpa rem omnis inventore exercitationem nemo officia. Consequatur accusantium rerum a soluta. Expedita fugiat vitae cum illum.','provident',71169,NULL,'1980-01-13 14:33:52','1981-12-14 12:52:52'),(22,2,22,'Aspernatur quidem culpa veritatis dolorem eos. Quaerat eveniet nihil inventore qui. Sint consequatur ut debitis et.','ab',478,NULL,'1992-08-27 18:59:41','1993-09-13 00:44:14'),(23,3,23,'Culpa nulla nostrum quaerat facilis inventore voluptas aut. Facere ut saepe fuga qui est aliquam aut. Veniam inventore et impedit aut dolor et qui blanditiis. Accusamus corrupti iste maiores laboriosam.','non',90,NULL,'1992-08-22 10:53:23','2000-02-24 17:05:54'),(24,4,24,'Saepe tenetur at aspernatur nobis commodi. Quo atque asperiores aut quia provident ea sint.','praesentium',4936505,NULL,'1979-04-08 15:23:45','2013-01-24 02:10:00'),(25,5,25,'Molestiae aperiam harum est vel voluptate itaque. Totam error maxime tempore consequatur voluptates velit id. Nisi aut et temporibus eius quia sunt doloribus dolorem. Natus molestiae cumque eligendi vel laboriosam.','nesciunt',133462707,NULL,'2001-08-14 07:30:21','2000-01-16 00:53:03'),(26,6,26,'Sed non aut vitae ut laboriosam porro. Et qui sed saepe tenetur excepturi velit amet deserunt. Ab modi perspiciatis consequatur vero hic repudiandae.','distinctio',3,NULL,'1971-01-05 13:40:24','2005-01-31 17:35:49'),(27,7,27,'At earum dolorem reiciendis sed molestias velit similique. Repudiandae temporibus voluptas qui dolorum ea ut voluptas. Sapiente est quia aperiam ab. Ut eligendi sunt id ut.','aspernatur',4802914,NULL,'2001-10-15 23:36:29','1982-02-10 01:44:12'),(28,8,28,'Doloribus incidunt velit repellendus in. Aliquid cumque vel reiciendis odio inventore quae quia. Minima voluptates nemo possimus qui fugiat quia ex.','ad',9,NULL,'1994-03-02 17:01:01','2002-05-21 06:26:33'),(29,9,29,'Reprehenderit occaecati iure id molestiae dolores laboriosam sit. Iure omnis possimus maxime enim. Autem nemo voluptates non sed cupiditate odit optio quod. Iusto explicabo provident tenetur non nihil. Eum iusto dicta commodi eum commodi.','consequatur',0,NULL,'2005-12-02 08:18:12','2007-07-19 05:35:38'),(30,10,30,'Et vitae rem ut quia hic qui reprehenderit. Et voluptatum nam praesentium rerum consectetur dolorum. Accusantium dolorem autem tenetur fuga voluptas qui magnam.','magni',581038733,NULL,'1977-05-15 02:38:31','2018-10-15 00:18:12'),(31,1,31,'Sequi voluptas vitae id in dolores. Aliquam dolores repudiandae provident vitae cumque. Voluptatibus explicabo voluptatem debitis vitae aliquam nobis distinctio.','qui',201,NULL,'2018-06-28 02:34:22','1974-01-03 10:03:44'),(32,2,32,'Sit recusandae eveniet vel temporibus assumenda. Deserunt enim eligendi illum recusandae sit placeat. Natus quia est quis suscipit et. Aut placeat odit deleniti et.','dicta',0,NULL,'2003-07-11 18:18:33','2009-12-23 12:42:43'),(33,3,33,'Nemo asperiores eos aspernatur tempora officiis ut accusantium. Magni quas molestiae eum voluptas omnis et. Distinctio a ex rerum aut. Accusantium dignissimos quia voluptatem inventore accusamus vero.','et',80,NULL,'2006-02-06 19:06:07','1993-07-25 19:39:12'),(34,4,34,'Recusandae aut ut vitae ea aut aut quia. Tempora quod deleniti nisi inventore. Molestiae illum non voluptate sit cum sit.','reiciendis',463,NULL,'2016-10-23 16:35:09','1974-09-29 08:33:14'),(35,5,35,'Culpa adipisci est sapiente veritatis optio sint quibusdam aut. Repudiandae ipsum voluptas eos praesentium cumque sit. Consequuntur commodi deserunt commodi dolorem.','iure',34710,NULL,'1978-04-24 21:58:50','1972-01-10 23:18:59'),(36,6,36,'Perspiciatis eos numquam dicta dicta. Commodi perspiciatis sit eos deserunt. Consectetur consectetur libero provident.','id',676797615,NULL,'2008-10-27 00:09:13','1976-10-13 05:00:57'),(37,7,37,'Dicta error et atque. Voluptatem dolor consequatur tempora. Fugit sed eos repudiandae inventore. Et nihil autem repellat necessitatibus quis.','numquam',0,NULL,'1984-11-03 17:18:51','2010-04-07 07:04:39'),(38,8,38,'Perspiciatis tempora repellat dicta voluptatibus dolor asperiores. Veniam ipsa alias rerum iusto rerum. Hic repellendus magnam quam enim ut rerum.','aut',67,NULL,'1972-05-15 21:46:28','1977-12-07 18:03:02'),(39,9,39,'In cumque voluptates quo nulla. Labore magni unde reprehenderit quaerat delectus esse et. Et nemo nulla et.','velit',0,NULL,'1971-05-09 12:55:55','2014-01-23 04:00:01'),(40,10,40,'Ut inventore quia rerum nostrum consequatur. Labore qui nulla quibusdam deserunt commodi eaque unde totam. Natus cum tempora molestiae. Eos quas provident quae autem ducimus.','enim',0,NULL,'2016-02-11 00:01:26','1985-02-23 09:19:56'),(41,1,41,'Fuga et et facilis ipsa harum in. Consequatur asperiores similique qui dolorem id ad. Officiis soluta voluptatibus qui pariatur.','sed',43453542,NULL,'1991-08-10 14:32:40','1993-09-01 17:08:21'),(42,2,42,'Quo ab repudiandae voluptates. Non sed expedita corporis cupiditate temporibus. Eos omnis officia commodi maiores et ratione rerum.','ut',52,NULL,'1987-03-26 22:26:17','1997-07-01 16:43:43'),(43,3,43,'Deleniti voluptatem maiores ducimus vitae est id. Et aliquam animi optio maxime illum quaerat reprehenderit facere. Rerum dolores consectetur modi laudantium doloribus impedit ipsum dolorem. Praesentium perferendis in magni ex suscipit beatae recusandae.','quia',74933,NULL,'2014-06-01 18:17:32','2002-08-27 23:08:46'),(44,4,44,'Est sequi veritatis fugiat quidem. Quibusdam enim sint magnam nesciunt eos. Sequi aut alias illum natus alias non eos. Sequi voluptatem id saepe explicabo similique.','accusamus',8480,NULL,'1994-11-30 15:38:37','2010-10-10 17:20:21'),(45,5,45,'Vel accusantium ab et adipisci perferendis velit eaque. Aliquam laudantium qui dolorem earum. Possimus a impedit corrupti et. Rerum sed ex esse nulla quo molestiae.','earum',1356238,NULL,'2012-11-23 14:04:25','1991-06-01 01:57:27'),(46,6,46,'Qui fugit asperiores facilis. Velit aut quis id amet libero quisquam.','architecto',74868,NULL,'1976-09-01 04:48:58','1991-06-02 03:42:56'),(47,7,47,'Aut omnis sit dolor soluta libero. Laboriosam exercitationem iste sunt. Magni soluta non quia quo tenetur molestiae.','doloribus',0,NULL,'2018-01-04 05:33:38','1981-07-09 19:33:50'),(48,8,48,'Saepe eum quis est itaque labore iusto. Eligendi a velit sunt. Aperiam deserunt eum earum ut.','aperiam',718576,NULL,'1990-02-18 23:05:51','1984-03-18 10:32:48'),(49,9,49,'Perspiciatis modi dolorum voluptatem corrupti et est et. Mollitia ut qui repellendus facilis dolore nostrum repudiandae. Quos eos assumenda aut cumque voluptatem id qui. Molestiae unde sit inventore autem nobis aspernatur saepe.','sequi',58802,NULL,'1989-11-26 21:19:45','1972-11-07 03:07:27'),(50,10,50,'Occaecati excepturi sunt occaecati non animi accusantium eum. Sed nam magni ut doloribus quaerat quia.','magni',96,NULL,'1991-10-25 15:23:56','2007-09-14 12:38:38'),(51,1,51,'Cum cum nulla ut consequatur ea aliquam. Maiores odio qui blanditiis in iure aut. Repellendus omnis aliquid fuga enim. Ut repellendus eveniet voluptatum nihil.','est',55,NULL,'1972-07-01 01:27:16','2019-02-08 18:22:53'),(52,2,52,'Et vitae molestias quisquam doloribus repudiandae nobis tenetur esse. Voluptatibus voluptatem officiis dicta aut iusto. Est eius reprehenderit asperiores. Aut dicta odit laborum.','fugit',73,NULL,'1971-11-19 06:33:42','1992-07-05 18:12:22'),(53,3,53,'Et aut porro aut. Earum molestias est necessitatibus saepe ut. Voluptas impedit repellendus autem quis ut nemo in et.','numquam',2607,NULL,'2005-07-09 05:16:49','1989-12-20 11:34:58'),(54,4,54,'Quis velit aut aspernatur aut dignissimos. Et molestiae iste minus enim id soluta dicta quo. Natus nobis nam blanditiis perspiciatis omnis rerum et.','vitae',356,NULL,'1992-11-11 05:05:44','1976-06-08 14:39:04'),(55,5,55,'Vero vero aperiam aut praesentium blanditiis recusandae autem. Cupiditate et nam voluptatibus qui aut. Libero soluta cum vitae saepe animi.','magni',59472,NULL,'1996-06-05 13:22:53','2012-11-23 20:59:29'),(56,6,56,'Vel in voluptates consequatur hic. Aspernatur et neque accusantium porro ratione aut dolores.','nostrum',8006,NULL,'1983-09-02 13:00:05','1989-03-09 02:56:12'),(57,7,57,'Quidem a est cupiditate ipsum incidunt. Nam quis cupiditate perspiciatis et facere in. Inventore corrupti consequuntur sapiente incidunt laborum dolorem et voluptatibus. Hic aspernatur qui aliquam quam qui repellendus ea temporibus.','dolor',48856,NULL,'2016-12-29 06:21:38','1993-06-13 10:39:50'),(58,8,58,'Natus molestias sit similique officiis quia est. Dolorem sunt ipsa odit error mollitia corrupti dignissimos. Ut quam id quae. Ipsa consequuntur et nesciunt eum. Nihil aut vero veritatis voluptas nulla autem est.','sunt',0,NULL,'1988-04-03 19:05:04','1990-09-23 16:28:04'),(59,9,59,'Pariatur quod deleniti aliquid et. Aperiam maiores rerum excepturi consequatur. Numquam quidem quia sed omnis cupiditate. Et ea ut dolorem.','quis',699456,NULL,'2017-08-06 15:48:14','2011-10-15 05:58:59'),(60,10,60,'Consequatur necessitatibus voluptatem est animi voluptatum qui dolores tenetur. Aut necessitatibus qui quia aperiam quae quo unde. Labore voluptatem et illum commodi nesciunt quia nesciunt. Atque delectus quia sit incidunt et pariatur eius. Ad est molestiae omnis saepe sit in voluptas.','dolorum',0,NULL,'1996-02-20 04:37:09','1973-08-26 08:41:44'),(61,1,61,'Vero debitis perferendis occaecati voluptatem quae quae. Similique omnis consequatur id est sunt. Sit illum veniam repellendus ducimus neque culpa eaque et.','eaque',741,NULL,'1971-08-25 08:46:59','2018-11-12 03:03:14'),(62,2,62,'Laborum voluptas autem voluptatem porro asperiores. Et id error et quae. Vel dolorem veritatis eum aut architecto. Fugiat quaerat recusandae id delectus dicta voluptatem. Nulla ut doloremque et culpa hic error quam.','maxime',801588479,NULL,'2006-04-08 09:08:59','1980-02-12 20:46:03'),(63,3,63,'Aliquid esse placeat accusamus ex perferendis maiores. Atque minima eum voluptas et. Maxime non nihil exercitationem.','aut',0,NULL,'2002-06-10 00:04:16','2017-01-08 09:38:39'),(64,4,64,'Ab et odit itaque consequatur adipisci consequatur. Porro et magnam velit quisquam cumque illo. Doloribus fuga explicabo minus eveniet explicabo dolor. Similique quae excepturi incidunt aut ea.','magnam',8328014,NULL,'2002-05-01 00:49:57','1989-04-04 03:39:46'),(65,5,65,'Ex in culpa aut qui est vero. Autem beatae repudiandae fugit error non blanditiis iure. Sed recusandae adipisci consectetur sunt eius. Facere eveniet architecto culpa consequatur ab consequatur aut incidunt.','temporibus',1642477,NULL,'2002-05-11 19:29:49','1999-09-29 17:20:44'),(66,6,66,'Voluptate vel assumenda consectetur numquam iure. Aliquid corporis ullam error. Quis impedit praesentium itaque quis in dolor. Delectus nulla molestias reprehenderit cumque occaecati eaque.','quibusdam',0,NULL,'1970-10-23 22:06:16','2005-02-01 09:56:36'),(67,7,67,'Quae illum ut adipisci quia deleniti dolores. Facere ex et nemo. Iste non quos rem commodi explicabo.','eum',34992502,NULL,'1998-06-10 20:49:18','1979-01-04 03:08:28'),(68,8,68,'Occaecati eveniet blanditiis reiciendis eligendi perspiciatis doloribus. Officia totam neque sapiente aut quisquam quia tempora laudantium. Id esse quod enim quia. Rerum fugiat quasi voluptatem nam id aut sint.','non',7647933,NULL,'2018-06-04 16:44:08','2007-07-07 16:12:27'),(69,9,69,'Enim inventore cumque enim enim. Ducimus quo dolor et doloremque in veritatis quasi. Qui quis enim animi explicabo. Voluptatum repellendus sapiente porro molestias et assumenda et.','reprehenderit',464335,NULL,'2008-10-30 05:53:24','1979-03-27 09:36:06'),(70,10,70,'Beatae ad aliquid sint iusto at qui. Reiciendis ut eos quia commodi quos itaque. Id officia et quis sunt molestias cumque.','hic',0,NULL,'2014-05-30 14:22:29','1981-06-13 15:24:22'),(71,1,71,'Quibusdam incidunt quo fugiat et nihil. Sed cum mollitia sint a veritatis necessitatibus recusandae doloremque. A eveniet amet ex. Dolor corporis et aspernatur et dolorem error.','accusantium',77525918,NULL,'1977-07-11 08:57:45','2019-11-03 21:20:22'),(72,2,72,'Sit sunt assumenda in est eaque tempora laudantium quia. Ut est totam minima quo voluptas corrupti. Culpa laboriosam quis voluptas porro magnam nobis.','reiciendis',289337188,NULL,'1995-05-31 00:20:32','1987-12-21 11:32:42'),(73,3,73,'Voluptatem recusandae eveniet ipsum eum molestias dolorum ut. At aperiam deserunt voluptatum tenetur. Autem est dolore veniam nam culpa. Quibusdam molestiae error ut nemo ut dolore neque quas.','et',818,NULL,'1980-12-05 22:50:11','2003-06-24 15:35:16'),(74,4,74,'Quidem ut nemo aut quo et. Et non fuga numquam inventore. Rem sit qui est numquam. Inventore explicabo illo in. Voluptatibus quis sapiente illo accusamus est ut voluptatibus odio.','eos',714604542,NULL,'1979-11-30 01:43:44','2007-11-15 14:26:03'),(75,5,75,'Rem blanditiis qui perspiciatis repudiandae. Dolor alias odit est aperiam perferendis voluptas aliquam ut. Molestiae aspernatur non sint eveniet aliquam id consequuntur.','ea',0,NULL,'2017-11-15 23:41:33','1994-06-06 12:10:29'),(76,6,76,'Consequatur quaerat qui aut eos alias nulla. Sit voluptatem rerum in illum eius doloribus impedit. Quo vel porro magnam aut officiis corporis explicabo sapiente. Est dignissimos est nobis sit.','praesentium',0,NULL,'1979-07-10 09:31:22','1974-04-11 15:13:15'),(77,7,77,'Enim enim et libero ut odit maiores. Dolore eligendi cum autem aut impedit. Est ipsam consequatur laboriosam ducimus et. Iure ut voluptates molestiae et.','voluptatem',5601929,NULL,'1976-03-28 02:03:30','1994-02-21 18:11:41'),(78,8,78,'Quo praesentium voluptatem quod sed. Esse rerum omnis ex sed esse et. Odit repellat sit voluptas aperiam voluptatem magni. Accusamus fuga architecto consequatur.','ipsum',68157,NULL,'1996-11-24 13:14:03','1992-09-03 04:03:51'),(79,9,79,'Eveniet voluptatibus velit tempora eos repudiandae voluptas ducimus. Eligendi qui maxime eaque eum aut qui nihil quam. Consequatur odio id ipsum aut nobis enim. Quidem autem in dolores voluptatem et.','quo',6910,NULL,'1971-11-28 12:16:09','2020-02-10 01:02:47'),(80,10,80,'Sapiente corporis ad et fugit quos. Asperiores repellat eos reprehenderit veritatis molestiae et. Similique similique impedit qui sed quam. Repellat qui quia fugit ad quis voluptas.','placeat',14680934,NULL,'1971-05-20 02:22:09','2008-07-14 11:01:46'),(81,1,81,'Aut officiis necessitatibus laborum veniam. Libero laboriosam molestiae dolorem alias repudiandae excepturi quia architecto.','rerum',7,NULL,'2013-05-27 07:32:57','1994-12-13 18:47:37'),(82,2,82,'Sapiente laboriosam facilis laboriosam suscipit. Quam laboriosam assumenda mollitia soluta. Officiis repellat itaque harum. Inventore at ratione recusandae possimus cum laudantium minus.','nam',31,NULL,'2005-05-25 07:41:36','2010-02-15 22:17:16'),(83,3,83,'Voluptatum rerum et facere ut consequuntur voluptas. Dolorem mollitia tenetur maiores ea dignissimos voluptates maxime. Error repellendus placeat dolores enim dolores soluta fugit. Ratione necessitatibus quod id ipsum ducimus iusto. Soluta inventore quaerat aut nihil enim molestiae.','ut',12453,NULL,'1997-09-02 15:27:56','1988-03-09 06:25:35'),(84,4,84,'Eligendi eos possimus repellendus odio nam quis non. Iure natus dolores quia quod distinctio. Rerum repellendus rerum sint placeat maiores.','numquam',94,NULL,'2011-10-21 03:56:51','2002-02-28 21:57:59'),(85,5,85,'Quae id dolores sapiente voluptas. Aut architecto dolor et necessitatibus. Natus ut libero ut natus. Error est qui quae enim qui sed veniam.','eos',1,NULL,'1989-06-08 02:48:25','1998-12-11 14:51:42'),(86,6,86,'Quidem enim aut est similique porro quia velit. Quidem accusamus quos maxime maxime. Laborum sunt et aliquid et reiciendis qui aut voluptatem. Animi adipisci impedit qui voluptatum eum ad sed minus.','qui',219705,NULL,'1971-08-27 16:14:02','2020-02-22 14:55:15'),(87,7,87,'Et ut itaque quisquam et. Rerum dolor quaerat rerum facilis magni libero. Voluptas deleniti dolor nostrum in quisquam. Veniam minus quis perspiciatis aut ex vel sed.','distinctio',520126,NULL,'2002-03-10 22:30:38','1970-03-06 06:37:31'),(88,8,88,'Autem est tempore aperiam ut dignissimos maiores. Itaque consequuntur explicabo est ducimus dolorum sit explicabo incidunt.','rem',5,NULL,'1993-12-16 02:23:36','2000-02-24 00:43:17'),(89,9,89,'Ut earum perspiciatis qui a exercitationem. Facere impedit omnis qui architecto consectetur. Dolor iure corrupti est qui voluptates neque minima.','voluptatem',45361,NULL,'1975-05-11 17:23:22','2013-07-09 17:04:52'),(90,10,90,'Omnis laborum dolorem itaque ea similique rerum impedit aut. Omnis aspernatur laboriosam nisi quis quibusdam. Autem qui ut velit facere exercitationem explicabo. Dolorum voluptatibus est qui mollitia nihil sapiente est. Dignissimos nihil excepturi fuga minima eos.','est',17790730,NULL,'1986-10-14 13:01:48','1997-01-11 15:05:31'),(91,1,91,'Veniam magnam odit quo consequatur doloremque. Odio consequatur repudiandae deleniti a officiis in in. Vitae placeat odio officia expedita. Pariatur non ratione et et minima quas.','at',21058504,NULL,'2014-05-03 10:47:59','1990-05-20 08:11:10'),(92,2,92,'Aut totam facilis est aut. Illum perferendis sit at harum. Occaecati omnis et numquam recusandae. Dolor ut magni minus natus exercitationem quas. Hic exercitationem dolor autem animi sint est.','voluptatum',21,NULL,'1970-04-14 19:02:01','2012-11-18 21:51:38'),(93,3,93,'Dolore doloribus totam voluptates itaque. Fugit aut temporibus qui debitis.','libero',109954,NULL,'2005-10-23 11:26:42','1973-12-09 11:32:59'),(94,4,94,'Distinctio impedit est animi eos est. Et consectetur est facere necessitatibus ut praesentium. Molestiae numquam ut a ab quidem.','architecto',7,NULL,'2002-01-04 17:56:43','1977-06-23 18:20:59'),(95,5,95,'Est expedita quis iusto quaerat est cum. Quos temporibus perferendis numquam laboriosam. Distinctio tenetur voluptatibus ea.','cumque',0,NULL,'1999-09-08 19:05:38','2012-10-25 07:23:52'),(96,6,96,'Fugiat saepe corporis iure. Quia recusandae voluptatem et dolorem et. Veritatis iste dolore tempora deleniti sed accusantium. Quis dignissimos sit eum sunt.','totam',87,NULL,'2001-11-24 11:46:31','1996-03-21 12:22:15'),(97,7,97,'Praesentium aut est nostrum corporis illum consectetur. Facere consequatur ad impedit eaque accusamus necessitatibus autem eveniet. Excepturi nostrum itaque nesciunt quae accusamus distinctio. Consectetur voluptate eveniet maxime et provident quas.','quod',99540878,NULL,'2016-04-07 10:32:59','2014-12-22 05:50:47'),(98,8,98,'Voluptatem blanditiis error mollitia repellat et commodi. Voluptas sit voluptas hic eaque maiores et. Amet sint voluptatem libero in non omnis.','ex',7570,NULL,'1989-05-07 10:58:15','1990-01-07 15:45:03'),(99,9,99,'Voluptas ut mollitia asperiores quis et tempore. Natus aut sint excepturi quas voluptas. Reprehenderit doloremque et facilis perspiciatis.','incidunt',569682300,NULL,'1983-12-27 15:42:33','2018-08-20 21:55:33'),(100,10,100,'A consequuntur et quisquam eos blanditiis dolores. Quia magnam sequi recusandae asperiores omnis. Distinctio ab harum non eius dolores perspiciatis.','eius',382,NULL,'2001-06-22 15:39:56','1988-06-20 23:41:35');
/*!40000 ALTER TABLE `media` ENABLE KEYS */;
UNLOCK TABLES;

--
-- Table structure for table `media_types`
--

DROP TABLE IF EXISTS `media_types`;
/*!40101 SET @saved_cs_client     = @@character_set_client */;
/*!40101 SET character_set_client = utf8 */;
CREATE TABLE `media_types` (
  `id` bigint(20) unsigned NOT NULL AUTO_INCREMENT,
  `name` varchar(255) COLLATE utf8mb4_unicode_ci DEFAULT NULL,
  `created_at` datetime DEFAULT current_timestamp(),
  `updated_at` datetime DEFAULT current_timestamp() ON UPDATE current_timestamp(),
  PRIMARY KEY (`id`)
) ENGINE=InnoDB AUTO_INCREMENT=11 DEFAULT CHARSET=utf8mb4 COLLATE=utf8mb4_unicode_ci;
/*!40101 SET character_set_client = @saved_cs_client */;

--
-- Dumping data for table `media_types`
--

LOCK TABLES `media_types` WRITE;
/*!40000 ALTER TABLE `media_types` DISABLE KEYS */;
INSERT INTO `media_types` VALUES (1,'a','1980-04-25 19:08:27','1975-04-04 21:49:58'),(2,'eos','1975-12-04 18:38:24','1980-03-23 22:54:47'),(3,'qui','2003-01-27 08:27:31','1975-10-25 23:13:41'),(4,'et','2017-10-05 05:50:26','2002-11-23 15:04:53'),(5,'officia','2009-08-04 06:28:08','1973-12-17 14:43:27'),(6,'doloremque','1984-08-13 05:05:01','1971-06-09 19:28:07'),(7,'ipsam','1990-08-01 16:53:44','2020-09-05 04:58:49'),(8,'et','1992-09-26 08:24:20','1985-08-05 03:24:43'),(9,'sit','1998-04-16 21:25:24','1980-07-27 02:14:33'),(10,'nemo','1990-02-10 11:27:19','1994-01-13 18:04:24');
/*!40000 ALTER TABLE `media_types` ENABLE KEYS */;
UNLOCK TABLES;

--
-- Table structure for table `messages`
--

DROP TABLE IF EXISTS `messages`;
/*!40101 SET @saved_cs_client     = @@character_set_client */;
/*!40101 SET character_set_client = utf8 */;
CREATE TABLE `messages` (
  `id` bigint(20) unsigned NOT NULL AUTO_INCREMENT,
  `from_user_id` bigint(20) unsigned NOT NULL,
  `to_user_id` bigint(20) unsigned NOT NULL,
  `body` text COLLATE utf8mb4_unicode_ci DEFAULT NULL,
  `created_at` datetime DEFAULT current_timestamp(),
  PRIMARY KEY (`id`),
  KEY `from_user_id` (`from_user_id`),
  KEY `to_user_id` (`to_user_id`),
  CONSTRAINT `messages_ibfk_1` FOREIGN KEY (`from_user_id`) REFERENCES `users` (`id`) ON DELETE CASCADE ON UPDATE CASCADE,
  CONSTRAINT `messages_ibfk_2` FOREIGN KEY (`to_user_id`) REFERENCES `users` (`id`) ON DELETE CASCADE ON UPDATE CASCADE
) ENGINE=InnoDB AUTO_INCREMENT=101 DEFAULT CHARSET=utf8mb4 COLLATE=utf8mb4_unicode_ci;
/*!40101 SET character_set_client = @saved_cs_client */;

--
-- Dumping data for table `messages`
--

LOCK TABLES `messages` WRITE;
/*!40000 ALTER TABLE `messages` DISABLE KEYS */;
INSERT INTO `messages` VALUES (1,1,1,'Eum ducimus nesciunt laudantium voluptas sit enim debitis. Velit est quia quidem non enim ratione. Et minima eius quasi facere voluptatem id non. Qui perferendis non ipsa minus asperiores.','2009-02-05 16:05:11'),(2,2,2,'Error voluptas sapiente et. Nihil fuga iusto sit dignissimos voluptatem magni asperiores. Et illo id et ut. Sed odio fugiat temporibus impedit earum est harum.','2016-09-20 11:46:22'),(3,3,3,'Facere minima aut quod sit repellendus. Laudantium aliquam numquam aut dolorem. Molestias omnis voluptatem ducimus laboriosam quia consequatur.','2001-02-10 21:58:52'),(4,4,4,'In dolor non rerum. Aliquam eaque libero aliquam vel adipisci inventore voluptatibus. Delectus distinctio non temporibus laborum.','2014-03-02 16:48:38'),(5,5,5,'Quisquam culpa voluptatibus aut omnis similique dolores corrupti. Architecto culpa ipsum excepturi nihil rerum officia rerum. Suscipit non qui quis omnis.','2018-04-18 00:49:24'),(6,6,6,'Sint dolores perferendis quo vel nemo neque ut. Consequatur aut et veniam qui non voluptatem molestiae. Voluptatem fuga consequatur debitis. Et magni aut nam vel dolorem iure exercitationem.','1991-05-16 12:09:36'),(7,7,7,'Et perspiciatis porro perferendis quia earum voluptatem. Sequi recusandae ea esse eos ea at illum. Ut nisi exercitationem blanditiis quod rerum voluptatem. Harum occaecati id aut est ut.','2015-03-03 05:17:23'),(8,8,8,'Tempore et alias et deleniti corporis accusamus. Sit sunt voluptas est voluptatem autem. Et blanditiis officia architecto culpa.','2013-11-14 07:45:45'),(9,9,9,'Ex optio molestiae quis sit. Autem suscipit vitae et et. Quos vero nobis error at. Inventore cumque quisquam voluptatem porro praesentium.','2007-09-15 21:37:14'),(10,10,10,'Nobis fugiat libero dolor vero corrupti id in qui. Cupiditate nemo ut natus aspernatur. Dolores quod reprehenderit et amet.','2011-03-14 02:22:59'),(11,11,11,'Beatae quis provident possimus voluptas et. Autem et quos officiis repudiandae maiores nam molestias. Expedita iusto et error quis et veritatis soluta. Exercitationem dolore nihil repellat impedit odit impedit dolore.','1993-09-23 16:13:41'),(12,12,12,'Qui vero aperiam quis doloribus doloribus qui odit. Et in corrupti est non quo eos. Quam tempora quis maiores iure incidunt libero et. Consequatur voluptas dolorem nobis dolorum sequi molestiae veniam.','2001-09-18 21:18:28'),(13,13,13,'Porro et eligendi cumque. Sed dolores error architecto. Unde exercitationem nisi in id. Impedit autem inventore molestiae placeat in accusantium quis.','1995-02-21 12:52:43'),(14,14,14,'Veniam suscipit dolores omnis vel. Ipsum possimus enim possimus. Nobis ut ea libero et.','1978-03-16 21:41:41'),(15,15,15,'Neque enim nam rerum voluptatum. Doloribus ut ab occaecati incidunt ex. Ipsum placeat quos occaecati ea rerum recusandae. Autem eveniet quo perspiciatis cumque fugit quis sed.','1978-01-16 23:22:12'),(16,16,16,'Aut deserunt temporibus ut quos veritatis. Labore ut cupiditate consequatur est sunt ut est. Quis sequi et sint aperiam corporis et est nisi. Sequi dolor autem ut hic voluptatem temporibus maxime explicabo.','1981-08-17 17:20:19'),(17,17,17,'Eum doloremque nemo veritatis beatae voluptas. Magni cumque blanditiis ab architecto qui ut. Voluptas incidunt quia similique recusandae quis neque consequatur. Eos autem doloribus ut voluptatem. Consectetur nisi qui expedita porro aut numquam consequatur.','1996-02-05 21:11:18'),(18,18,18,'Voluptatem minus et nihil eaque error impedit. Sed qui illum eaque amet. Deleniti optio officiis eligendi eius.','1975-09-27 20:05:10'),(19,19,19,'Et est velit consequuntur porro sed nulla. Optio molestias ducimus nisi tempora consequuntur omnis eos. Aliquam quas commodi rerum dolor. Est commodi ea amet vel reprehenderit labore ea.','2009-03-16 12:50:08'),(20,20,20,'Quia est commodi voluptas placeat magnam. Ullam repellat qui mollitia deleniti.','2013-11-19 02:28:57'),(21,21,21,'In quibusdam repellendus nesciunt dolorum odit itaque eum. Et ut officia earum ex dolorem optio hic. Nihil nulla a repellat debitis laboriosam deleniti nemo. Deleniti temporibus odio neque et mollitia. Libero ut molestiae eos cupiditate.','1992-02-20 20:52:47'),(22,22,22,'Numquam doloremque commodi repellat sequi nihil. Tempora quasi ad quam sit iure inventore corrupti accusamus. Minus consequatur dolorem animi veritatis optio ullam quas.','1974-04-24 13:37:55'),(23,23,23,'Hic tenetur dolorem qui pariatur explicabo ut maxime placeat. Eaque et omnis autem doloribus voluptate quod quae. Nam officia nulla architecto enim enim.','1989-04-17 14:53:32'),(24,24,24,'Eum sit culpa ipsa est. Consequatur ullam voluptates qui commodi impedit. Ipsa quibusdam animi sit vel iusto odio esse quia. Exercitationem explicabo architecto alias nisi nostrum sapiente inventore possimus. Accusantium consequatur laudantium quo facere.','2010-11-13 02:30:59'),(25,25,25,'Sit alias molestias vel enim. Dolorem eos earum fuga enim. Tempore eos repellendus quia enim. Quos in iure veniam inventore. Veniam dolorem sequi illum quis eius.','2011-06-21 00:16:58'),(26,26,26,'Corporis culpa sit deleniti laudantium laudantium. Porro architecto optio totam et omnis ipsum. Qui omnis nesciunt eligendi est quos.','2008-07-15 11:31:18'),(27,27,27,'Facilis tenetur minus et nihil. Illo quia vel voluptates libero. Perspiciatis et consequatur iusto.','1998-12-13 19:16:31'),(28,28,28,'Quisquam et quia fugiat esse cumque excepturi minus. Recusandae aut sequi nihil dolore dignissimos dolorem nihil. Vel sequi vel similique atque.','2000-05-19 20:25:39'),(29,29,29,'Eum cupiditate explicabo vitae omnis et sit. Adipisci sed possimus perferendis rem. Recusandae dolore ut fuga tenetur. Sint ut sint ut a adipisci quisquam aliquid sequi.','1983-12-06 16:39:03'),(30,30,30,'Quia aut et quisquam est maxime sunt beatae. Sed sunt aut esse molestias non ab corporis. Dignissimos libero facilis ipsum sit cum. Quia alias error aut aperiam incidunt quam.','2001-06-13 10:06:35'),(31,31,31,'Est modi magni voluptatum quos praesentium quia placeat sed. Eius quam doloremque sit optio eos et.','1973-12-05 01:16:03'),(32,32,32,'Quod iusto cupiditate et. Et voluptatem omnis et impedit qui minima rem blanditiis. Aspernatur in nisi aspernatur commodi porro qui.','1980-06-16 22:17:16'),(33,33,33,'Culpa animi beatae dolorem molestiae harum id. Dolorem dicta repellat dolorem ipsam sit. Cum cum voluptatem ex id quis voluptatem repellat. Quas quo accusantium rem saepe consectetur consequatur minus.','2020-07-30 23:59:30'),(34,34,34,'Praesentium omnis qui consequatur maxime dolor. Blanditiis omnis iure nobis perspiciatis aut id omnis. Quis qui ducimus possimus. Cupiditate eum maxime ut sit magnam reiciendis. Et deleniti eaque nihil ipsa aspernatur soluta deserunt quas.','2001-02-28 03:14:28'),(35,35,35,'Placeat qui incidunt ea et. Veniam est corrupti qui sit omnis consequatur. Impedit rerum numquam vel rerum. Recusandae expedita soluta similique voluptatem.','1985-04-23 07:11:34'),(36,36,36,'Debitis aut at mollitia sed inventore sed. Est et aut at eaque commodi. Voluptatem tempora similique ex expedita asperiores vel nihil.','1977-03-06 21:19:31'),(37,37,37,'Velit sapiente placeat nemo nihil quam enim. Quae alias minus et ut est.','1970-02-27 22:43:51'),(38,38,38,'Ut maiores quo qui tempora. Sit qui maiores eos voluptatem quasi. Est id quia cum.','1999-07-17 12:16:47'),(39,39,39,'Corrupti autem consectetur nisi ut maiores quae. Delectus repudiandae eos id ad consectetur deleniti necessitatibus. Sit atque totam culpa maxime eum. Omnis commodi iste odit voluptatibus in beatae.','1993-07-15 18:38:07'),(40,40,40,'Ad rerum quo quod minus. Fugit ea aliquid ad officiis commodi voluptatem velit. Fugiat consectetur corrupti reiciendis aliquam natus dolores delectus beatae. Qui laudantium non laborum.','1993-03-24 02:24:50'),(41,41,41,'Deleniti et voluptatem consectetur vero tenetur. Hic perspiciatis voluptatibus eligendi et consequatur perspiciatis. Non ea necessitatibus impedit esse atque. Omnis et dolorum a temporibus. Ut maiores velit praesentium incidunt praesentium ipsum.','2012-09-22 08:09:57'),(42,42,42,'Amet fugiat illum labore similique. Dignissimos optio voluptas dolorem aliquid. Labore quia quos quis eligendi ea. Vel ipsum sed quo quaerat in sapiente. Praesentium mollitia cum illum eos quia soluta.','1990-10-04 12:30:22'),(43,43,43,'Laborum ipsam et sint dolorum. Praesentium autem excepturi labore cum in quas expedita nobis. Minima repudiandae soluta nesciunt omnis et. Cum consequatur corporis a non qui.','1999-01-26 07:09:07'),(44,44,44,'Eius deserunt saepe animi quidem autem. Velit tempore numquam id vero. Quidem expedita sunt non eaque. Et quae iure est animi sunt eos.','1975-06-27 17:13:37'),(45,45,45,'Accusamus sed nam tempora ducimus. Neque atque a omnis veniam cupiditate laborum. Quam id esse tenetur quibusdam reiciendis harum et nostrum.','2006-01-05 23:32:27'),(46,46,46,'Pariatur numquam et ea voluptates. Provident harum autem suscipit doloribus. Nulla ut autem quis est dolores doloremque consequatur. Voluptatem sapiente voluptatem eius aut aut.','1989-12-07 12:04:55'),(47,47,47,'Ut deleniti numquam qui eligendi. Porro sapiente delectus ut laboriosam aut ex. Dolorum occaecati enim nemo accusantium nemo. Inventore illo voluptatem error ex id maiores. Culpa aliquam ut rerum omnis.','2021-07-01 00:40:50'),(48,48,48,'In temporibus ipsum ut atque sapiente nulla et. Sunt in aspernatur quod aliquid et doloribus. Explicabo doloremque et esse consequatur aut et.','1991-01-19 00:14:56'),(49,49,49,'Placeat rem nihil a pariatur dolore eligendi praesentium est. Omnis dolor distinctio dignissimos corrupti cum. Aut non cum ipsam odio eveniet.','2020-09-04 20:56:22'),(50,50,50,'Placeat dolor in architecto saepe iste. Et minima blanditiis doloribus esse. Rerum modi officiis exercitationem ut ut.','1997-02-27 09:46:28'),(51,51,51,'Iusto id delectus odit nihil deleniti explicabo. Veritatis nostrum porro possimus suscipit nam. Et id ab amet commodi. Corporis eum dolore minus aut.','2021-04-27 19:22:39'),(52,52,52,'Quisquam eaque optio sit et fuga. Porro est laborum praesentium voluptas veritatis non. Consequatur voluptatem nihil praesentium. Excepturi qui quo esse cumque quos.','1982-01-22 03:50:03'),(53,53,53,'Sit nobis provident voluptatem aut sint dolores. Excepturi omnis unde non error. Quaerat voluptatem a at recusandae sint.','2003-05-02 05:24:24'),(54,54,54,'Veritatis quam amet sunt. Et et perspiciatis nulla aperiam ab. Voluptatem rerum voluptas accusantium maxime voluptatibus.','1987-04-25 10:08:53'),(55,55,55,'Suscipit rerum doloremque id. Vel quidem nemo non reiciendis. Recusandae reiciendis qui quo sint occaecati qui dolor.','1983-06-14 08:37:43'),(56,56,56,'Est numquam deleniti dolorum voluptatum. Consectetur fugit perferendis alias iste mollitia accusantium ex.','1979-12-29 21:36:34'),(57,57,57,'Qui earum in aspernatur in. Quia et ut officia hic vitae quod quo. Excepturi in eos corrupti veniam tempore libero repellat magnam. Et occaecati sapiente ea.','2006-10-01 17:33:47'),(58,58,58,'Ratione minus sit quo tenetur praesentium. Quae enim quasi hic et hic quae.','1982-07-21 13:40:18'),(59,59,59,'Molestiae enim tenetur totam accusamus sint praesentium dolorem. Incidunt sit et sunt perferendis commodi ullam vero. Iure quo omnis quam quo doloribus.','2011-10-26 02:25:02'),(60,60,60,'Veniam ullam velit voluptas rerum quia minus incidunt. Consectetur iure quia molestias distinctio. Deleniti quia repudiandae ut recusandae ullam consequatur omnis.','1998-02-15 12:43:02'),(61,61,61,'Debitis ea non quis est laudantium iste optio. Non tempora recusandae quisquam qui nihil.','2017-06-25 19:22:49'),(62,62,62,'Vel itaque at saepe temporibus voluptatem. Rem sit numquam quos deleniti aut et.','1978-12-14 03:16:18'),(63,63,63,'Quas a enim reiciendis mollitia dolor dolorem animi est. Consectetur et praesentium animi quidem facere doloribus aperiam. Eius nihil facilis ut. Est saepe velit aut ipsam enim expedita quia aut.','2006-02-20 08:59:08'),(64,64,64,'Aspernatur natus aut omnis consequatur. Officiis beatae quod qui est accusamus necessitatibus. Sequi enim fuga est occaecati tenetur.','2009-05-10 04:49:32'),(65,65,65,'Eligendi ducimus et ab rerum qui ipsum beatae. Atque in veniam voluptates autem minima quis.','1970-03-08 12:56:23'),(66,66,66,'Non atque fuga totam unde rerum provident. Quam vero officiis et fuga amet. A atque nam eaque harum.','2019-09-03 01:53:16'),(67,67,67,'Omnis consequatur autem numquam quaerat. Beatae qui id et facere harum provident. Delectus eaque nemo nesciunt.','1994-04-02 01:24:36'),(68,68,68,'Officiis ad cupiditate similique. Fuga vitae nihil laboriosam. Amet exercitationem illum ratione voluptate asperiores iure sit. Consequatur laborum expedita nihil maxime.','2009-04-04 17:53:47'),(69,69,69,'Quae quo veniam tempore est laborum et temporibus accusamus. Excepturi alias unde non vel sunt a. Dicta officia voluptatibus optio reprehenderit voluptas reiciendis. Reprehenderit non excepturi omnis enim accusamus.','1994-12-05 10:17:08'),(70,70,70,'Est culpa ut iure eum. At qui veritatis architecto nemo perspiciatis ex. Excepturi tenetur sit qui similique rerum rerum.','2006-01-13 07:40:39'),(71,71,71,'Impedit enim blanditiis natus. Nostrum assumenda et voluptatem officia non culpa facilis. Repellendus id eaque beatae voluptatem quibusdam quia beatae.','2017-03-10 11:16:04'),(72,72,72,'Molestias facilis consectetur aut fugit error rerum. Quia voluptates ea quo ut consectetur autem et. Soluta velit ut voluptas repellat dolor dolores.','2012-09-27 20:47:36'),(73,73,73,'Repudiandae voluptatem ipsam dignissimos. Fugiat non et laboriosam perspiciatis adipisci voluptatem. Corrupti atque molestias laborum perferendis sed.','2008-10-15 10:26:25'),(74,74,74,'Quisquam in aut ut. Atque doloremque animi qui at. Velit maxime magnam enim amet repellendus voluptatibus et velit. Et iure error perspiciatis iusto nihil provident.','1986-01-30 05:00:17'),(75,75,75,'In repellat ex dolorem a voluptatem. Enim sed sunt omnis soluta magni eligendi. Qui accusamus laudantium soluta rerum sed nulla et voluptatibus. Non voluptate error mollitia fuga nobis eum quibusdam laudantium.','1973-03-21 20:02:29'),(76,76,76,'Amet et aperiam corrupti soluta voluptatem et tempora. Voluptatibus voluptates est vel est voluptatum iusto et. Tenetur similique id harum possimus exercitationem aut placeat numquam.','1994-09-13 23:29:05'),(77,77,77,'Quia tempora tenetur voluptas suscipit voluptatem quisquam aut. Blanditiis porro eaque consequatur saepe officiis et reprehenderit. A exercitationem accusamus cumque accusantium. Perferendis totam ab reprehenderit.','1988-10-17 15:57:36'),(78,78,78,'Dolor quaerat ducimus optio a. Dolor minus autem corporis voluptatem maiores iusto nisi. Natus qui assumenda cumque ut.','1973-01-13 08:34:33'),(79,79,79,'Omnis omnis laudantium a inventore reprehenderit exercitationem corporis repudiandae. Voluptas dolor ex occaecati. Dignissimos autem in amet ipsa dignissimos aliquid ipsa. Ipsum sed numquam cupiditate adipisci omnis optio provident. Consequatur ipsa sunt nostrum est vel et.','1997-05-23 22:52:27'),(80,80,80,'Earum facilis cum omnis quam et. Repellat exercitationem velit unde voluptatem exercitationem ut similique. Modi cupiditate voluptatibus animi molestiae. Vitae consequatur aliquam expedita atque.','1975-11-27 09:25:08'),(81,81,81,'Est ea ut facere suscipit aut odio et. Qui eum facilis ex optio esse. Quasi dolore alias laudantium non ut architecto minima.','1992-08-14 03:03:47'),(82,82,82,'Ducimus et in consequatur exercitationem. Veniam non aut sunt libero maxime. Ipsum qui alias sed corporis. Explicabo ipsa eveniet ipsam voluptatum magnam dignissimos ut praesentium. Harum quisquam vel omnis dignissimos dolore vel.','2007-03-23 22:30:42'),(83,83,83,'Ipsum adipisci ipsum nihil vero. Occaecati sunt pariatur repellendus et velit possimus. Sint veniam accusamus reiciendis voluptas aut et.','2007-05-26 14:09:54'),(84,84,84,'Necessitatibus atque temporibus dolor saepe eveniet qui. Quia qui ullam modi ullam sint ab. Et reiciendis magnam ea et.','2020-12-23 15:04:32'),(85,85,85,'Aut molestias sit vel at explicabo. Qui dolor harum distinctio tempora. Quis nam asperiores iste sunt.','1995-05-30 22:34:03'),(86,86,86,'Quidem minima excepturi laborum aut maiores atque repudiandae. Enim eos sint voluptatibus qui quo. Cupiditate voluptates dolorem qui. Tempore consectetur possimus veritatis.','2009-01-09 05:31:03'),(87,87,87,'In ut deleniti voluptas qui. Dolorem consectetur cumque dolorum animi molestiae odit. Libero ipsam nam velit qui reprehenderit. Id voluptatem iusto veniam quas laudantium.','1978-08-12 22:14:43'),(88,88,88,'Vero iste in ea sit. Ducimus dolor qui qui nostrum distinctio.','2018-05-27 16:42:02'),(89,89,89,'Velit cumque aut eum et sit molestiae impedit. Velit facilis odit et excepturi qui autem. Asperiores facilis quia ut eos. Et aut et cum odit qui quam saepe dolore.','2018-12-29 09:55:47'),(90,90,90,'Velit deserunt earum explicabo similique voluptatem excepturi. Quam odit facere temporibus sint quis voluptate. Aut est necessitatibus sed totam. Aliquid quidem necessitatibus consequatur quas necessitatibus. Quia aliquid aut veritatis sed voluptatum non.','1970-02-13 14:37:36'),(91,91,91,'Et impedit quia pariatur culpa eum itaque nobis. Maxime soluta quia ut omnis molestiae.','1976-09-07 02:51:05'),(92,92,92,'Dolorem quia et sequi et. Ducimus consectetur id eveniet officiis nihil et. Expedita et ad dolores consequatur dicta illo consequatur.','1993-01-15 03:23:28'),(93,93,93,'Nihil a quia quas. Nostrum voluptas est dolores. Itaque officiis quaerat consequatur tenetur maxime quam. Voluptas autem maxime ipsam id ut.','2009-06-25 08:01:45'),(94,94,94,'Aut non a sed. Eum aut eveniet cum natus tempore. Nihil ad tempora quos saepe recusandae exercitationem.','2018-06-02 23:54:10'),(95,95,95,'Sit culpa expedita dolore assumenda quam eaque quo. Ullam amet perferendis quasi quia. Reiciendis quia voluptatem incidunt veniam perspiciatis delectus magni.','1975-08-20 14:14:42'),(96,96,96,'Ipsa qui occaecati distinctio iste consequatur sit. Fugiat aut iusto tenetur hic rerum qui. Eligendi quisquam culpa corrupti architecto optio autem.','1970-05-01 18:23:05'),(97,97,97,'Dolor iusto amet ab explicabo repudiandae. Reiciendis corporis debitis omnis cumque vitae soluta dolore. Vel pariatur omnis quia quia quo voluptate. Non iure delectus iusto eveniet maiores corporis accusamus.','1985-12-06 19:11:50'),(98,98,98,'Voluptas corporis sequi voluptate accusamus quia. Pariatur quia voluptatem magni eius rem esse sit. Neque voluptatibus id voluptas molestiae cumque ut. Perferendis ipsa odio cumque impedit dolores natus voluptas et.','2021-03-15 16:30:57'),(99,99,99,'Ad inventore nisi et minus rerum assumenda dolor. Consequuntur est aspernatur hic incidunt quia facere. Unde sint fuga quia.','2007-06-28 00:45:03'),(100,100,100,'Quam distinctio earum accusamus sed repellendus illum. Est eum quibusdam ut est dolore et sit. Est dolore eum quo omnis vero. Repellendus laborum distinctio cum id. Voluptate qui eaque esse quaerat et maxime.','2008-07-25 14:31:25');
/*!40000 ALTER TABLE `messages` ENABLE KEYS */;
UNLOCK TABLES;

--
-- Table structure for table `photo_albums`
--

DROP TABLE IF EXISTS `photo_albums`;
/*!40101 SET @saved_cs_client     = @@character_set_client */;
/*!40101 SET character_set_client = utf8 */;
CREATE TABLE `photo_albums` (
  `id` bigint(20) unsigned NOT NULL AUTO_INCREMENT,
  `name` varchar(255) COLLATE utf8mb4_unicode_ci DEFAULT NULL,
  `user_id` bigint(20) unsigned DEFAULT NULL,
  PRIMARY KEY (`id`),
  UNIQUE KEY `id` (`id`),
  KEY `user_id` (`user_id`),
  CONSTRAINT `photo_albums_ibfk_1` FOREIGN KEY (`user_id`) REFERENCES `users` (`id`) ON DELETE SET NULL ON UPDATE CASCADE
) ENGINE=InnoDB AUTO_INCREMENT=101 DEFAULT CHARSET=utf8mb4 COLLATE=utf8mb4_unicode_ci;
/*!40101 SET character_set_client = @saved_cs_client */;

--
-- Dumping data for table `photo_albums`
--

LOCK TABLES `photo_albums` WRITE;
/*!40000 ALTER TABLE `photo_albums` DISABLE KEYS */;
INSERT INTO `photo_albums` VALUES (1,'excepturi',1),(2,'autem',2),(3,'sunt',3),(4,'neque',4),(5,'voluptatem',5),(6,'quaerat',6),(7,'nisi',7),(8,'ut',8),(9,'nesciunt',9),(10,'quasi',10),(11,'aut',11),(12,'quia',12),(13,'ipsam',13),(14,'quos',14),(15,'impedit',15),(16,'quae',16),(17,'vitae',17),(18,'incidunt',18),(19,'a',19),(20,'qui',20),(21,'dolor',21),(22,'officiis',22),(23,'dolores',23),(24,'blanditiis',24),(25,'velit',25),(26,'nobis',26),(27,'in',27),(28,'qui',28),(29,'vel',29),(30,'rerum',30),(31,'harum',31),(32,'distinctio',32),(33,'beatae',33),(34,'delectus',34),(35,'hic',35),(36,'odit',36),(37,'atque',37),(38,'quaerat',38),(39,'et',39),(40,'error',40),(41,'non',41),(42,'magni',42),(43,'dolorem',43),(44,'similique',44),(45,'sed',45),(46,'ullam',46),(47,'aut',47),(48,'reiciendis',48),(49,'fuga',49),(50,'earum',50),(51,'assumenda',51),(52,'vel',52),(53,'voluptatem',53),(54,'aperiam',54),(55,'tenetur',55),(56,'aut',56),(57,'unde',57),(58,'quasi',58),(59,'modi',59),(60,'iure',60),(61,'reprehenderit',61),(62,'illum',62),(63,'voluptatem',63),(64,'impedit',64),(65,'aspernatur',65),(66,'sed',66),(67,'necessitatibus',67),(68,'voluptatem',68),(69,'repellendus',69),(70,'est',70),(71,'ut',71),(72,'voluptates',72),(73,'id',73),(74,'itaque',74),(75,'explicabo',75),(76,'eum',76),(77,'consequatur',77),(78,'est',78),(79,'quidem',79),(80,'sed',80),(81,'neque',81),(82,'ducimus',82),(83,'aut',83),(84,'quae',84),(85,'voluptas',85),(86,'in',86),(87,'animi',87),(88,'ut',88),(89,'recusandae',89),(90,'incidunt',90),(91,'ipsum',91),(92,'fugiat',92),(93,'facilis',93),(94,'cum',94),(95,'eos',95),(96,'unde',96),(97,'aliquid',97),(98,'non',98),(99,'quasi',99),(100,'ut',100);
/*!40000 ALTER TABLE `photo_albums` ENABLE KEYS */;
UNLOCK TABLES;

--
-- Table structure for table `photos`
--

DROP TABLE IF EXISTS `photos`;
/*!40101 SET @saved_cs_client     = @@character_set_client */;
/*!40101 SET character_set_client = utf8 */;
CREATE TABLE `photos` (
  `id` bigint(20) unsigned NOT NULL AUTO_INCREMENT,
  `album_id` bigint(20) unsigned NOT NULL,
  `media_id` bigint(20) unsigned NOT NULL,
  PRIMARY KEY (`id`),
  KEY `album_id` (`album_id`),
  KEY `media_id` (`media_id`),
  CONSTRAINT `photos_ibfk_1` FOREIGN KEY (`album_id`) REFERENCES `photo_albums` (`id`) ON DELETE CASCADE ON UPDATE CASCADE,
  CONSTRAINT `photos_ibfk_2` FOREIGN KEY (`media_id`) REFERENCES `media` (`id`) ON DELETE CASCADE ON UPDATE CASCADE
) ENGINE=InnoDB AUTO_INCREMENT=101 DEFAULT CHARSET=utf8mb4 COLLATE=utf8mb4_unicode_ci;
/*!40101 SET character_set_client = @saved_cs_client */;

--
-- Dumping data for table `photos`
--

LOCK TABLES `photos` WRITE;
/*!40000 ALTER TABLE `photos` DISABLE KEYS */;
INSERT INTO `photos` VALUES (1,1,1),(2,2,2),(3,3,3),(4,4,4),(5,5,5),(6,6,6),(7,7,7),(8,8,8),(9,9,9),(10,10,10),(11,11,11),(12,12,12),(13,13,13),(14,14,14),(15,15,15),(16,16,16),(17,17,17),(18,18,18),(19,19,19),(20,20,20),(21,21,21),(22,22,22),(23,23,23),(24,24,24),(25,25,25),(26,26,26),(27,27,27),(28,28,28),(29,29,29),(30,30,30),(31,31,31),(32,32,32),(33,33,33),(34,34,34),(35,35,35),(36,36,36),(37,37,37),(38,38,38),(39,39,39),(40,40,40),(41,41,41),(42,42,42),(43,43,43),(44,44,44),(45,45,45),(46,46,46),(47,47,47),(48,48,48),(49,49,49),(50,50,50),(51,51,51),(52,52,52),(53,53,53),(54,54,54),(55,55,55),(56,56,56),(57,57,57),(58,58,58),(59,59,59),(60,60,60),(61,61,61),(62,62,62),(63,63,63),(64,64,64),(65,65,65),(66,66,66),(67,67,67),(68,68,68),(69,69,69),(70,70,70),(71,71,71),(72,72,72),(73,73,73),(74,74,74),(75,75,75),(76,76,76),(77,77,77),(78,78,78),(79,79,79),(80,80,80),(81,81,81),(82,82,82),(83,83,83),(84,84,84),(85,85,85),(86,86,86),(87,87,87),(88,88,88),(89,89,89),(90,90,90),(91,91,91),(92,92,92),(93,93,93),(94,94,94),(95,95,95),(96,96,96),(97,97,97),(98,98,98),(99,99,99),(100,100,100);
/*!40000 ALTER TABLE `photos` ENABLE KEYS */;
UNLOCK TABLES;

--
-- Table structure for table `profiles`
--

DROP TABLE IF EXISTS `profiles`;
/*!40101 SET @saved_cs_client     = @@character_set_client */;
/*!40101 SET character_set_client = utf8 */;
CREATE TABLE `profiles` (
  `user_id` bigint(20) unsigned NOT NULL AUTO_INCREMENT,
  `gender` char(1) COLLATE utf8mb4_unicode_ci DEFAULT NULL,
  `birthday` date DEFAULT NULL,
  `photo_id` bigint(20) unsigned DEFAULT NULL,
  `created_at` datetime DEFAULT current_timestamp(),
  `hometown` varchar(100) COLLATE utf8mb4_unicode_ci DEFAULT NULL,
  PRIMARY KEY (`user_id`),
  KEY `fk_photo_id` (`photo_id`),
  CONSTRAINT `fk_photo_id` FOREIGN KEY (`photo_id`) REFERENCES `photos` (`id`) ON DELETE SET NULL ON UPDATE CASCADE,
  CONSTRAINT `fk_user_id` FOREIGN KEY (`user_id`) REFERENCES `users` (`id`) ON DELETE CASCADE ON UPDATE CASCADE
) ENGINE=InnoDB AUTO_INCREMENT=101 DEFAULT CHARSET=utf8mb4 COLLATE=utf8mb4_unicode_ci;
/*!40101 SET character_set_client = @saved_cs_client */;

--
-- Dumping data for table `profiles`
--

LOCK TABLES `profiles` WRITE;
/*!40000 ALTER TABLE `profiles` DISABLE KEYS */;
INSERT INTO `profiles` VALUES (1,NULL,'2021-02-16',1,'2021-07-13 20:51:03',NULL),(2,NULL,'1971-03-01',2,'1986-03-20 09:10:40',NULL),(3,NULL,'1998-07-12',3,'1990-06-17 23:03:06',NULL),(4,NULL,'1995-09-28',4,'1981-10-03 18:32:14',NULL),(5,NULL,'2020-03-06',5,'1985-01-15 03:10:42',NULL),(6,NULL,'2002-02-04',6,'2005-02-01 22:45:11',NULL),(7,NULL,'1997-12-25',7,'1996-09-14 00:28:15',NULL),(8,NULL,'1998-04-21',8,'1982-05-05 11:48:09',NULL),(9,NULL,'1976-07-05',9,'2021-06-08 09:33:27',NULL),(10,NULL,'2015-07-19',10,'1972-07-30 20:18:13',NULL),(11,NULL,'2014-09-23',11,'1993-02-15 07:25:19',NULL),(12,NULL,'1990-05-02',12,'1995-12-26 09:10:04',NULL),(13,NULL,'2005-10-15',13,'1991-11-08 07:48:57',NULL),(14,NULL,'1981-10-06',14,'1987-06-04 15:10:19',NULL),(15,NULL,'1992-03-23',15,'1971-01-05 21:16:57',NULL),(16,NULL,'1978-06-06',16,'2003-06-05 21:41:45',NULL),(17,NULL,'2011-08-21',17,'2004-08-15 01:29:38',NULL),(18,NULL,'1970-09-22',18,'1970-04-04 20:39:58',NULL),(19,NULL,'2018-07-28',19,'1974-11-30 11:01:37',NULL),(20,NULL,'1980-04-27',20,'2012-07-12 01:01:40',NULL),(21,NULL,'1984-05-14',21,'2006-01-17 20:15:57',NULL),(22,NULL,'2005-12-14',22,'1984-05-21 22:49:35',NULL),(23,NULL,'2011-02-16',23,'1970-12-05 23:02:46',NULL),(24,NULL,'1986-03-22',24,'2006-03-15 21:17:54',NULL),(25,NULL,'1988-07-19',25,'2015-12-10 11:45:58',NULL),(26,NULL,'1985-03-03',26,'2013-04-03 11:42:08',NULL),(27,NULL,'2017-12-09',27,'1993-06-23 07:17:27',NULL),(28,NULL,'1999-04-22',28,'1991-03-01 23:17:03',NULL),(29,NULL,'2009-02-01',29,'1976-12-30 18:02:26',NULL),(30,NULL,'1979-02-24',30,'1981-01-05 20:37:00',NULL),(31,NULL,'1976-04-22',31,'1970-02-21 13:35:26',NULL),(32,NULL,'1988-12-08',32,'2017-12-03 08:42:01',NULL),(33,NULL,'1971-03-16',33,'1972-12-11 06:43:20',NULL),(34,NULL,'2021-06-09',34,'1990-05-01 21:04:24',NULL),(35,NULL,'1993-02-02',35,'1981-02-28 11:34:39',NULL),(36,NULL,'2017-06-12',36,'2003-09-06 18:54:49',NULL),(37,NULL,'1974-05-22',37,'2011-09-15 21:36:05',NULL),(38,NULL,'2013-07-13',38,'2018-12-11 22:45:15',NULL),(39,NULL,'1974-10-29',39,'1986-08-07 21:42:26',NULL),(40,NULL,'1991-11-26',40,'2008-12-07 06:32:35',NULL),(41,NULL,'1986-11-09',41,'2006-12-18 21:28:06',NULL),(42,NULL,'1998-05-09',42,'2002-12-08 09:08:15',NULL),(43,NULL,'1982-04-18',43,'2019-08-16 20:12:02',NULL),(44,NULL,'2017-08-13',44,'1972-09-18 02:44:57',NULL),(45,NULL,'2007-04-14',45,'1998-01-26 23:09:42',NULL),(46,NULL,'1999-02-11',46,'1990-02-12 22:20:59',NULL),(47,NULL,'2003-03-12',47,'1997-07-17 05:50:39',NULL),(48,NULL,'2019-11-14',48,'1987-02-13 05:47:21',NULL),(49,NULL,'1980-05-23',49,'1983-11-30 23:41:38',NULL),(50,NULL,'1982-11-06',50,'1975-08-28 10:55:40',NULL),(51,NULL,'1980-09-28',51,'1975-12-15 11:44:28',NULL),(52,NULL,'1978-04-23',52,'2004-11-21 04:19:01',NULL),(53,NULL,'1998-09-26',53,'2017-09-22 05:42:34',NULL),(54,NULL,'1995-05-14',54,'2012-01-01 15:11:41',NULL),(55,NULL,'1971-01-26',55,'1982-05-18 19:15:56',NULL),(56,NULL,'1978-04-01',56,'1981-11-24 16:42:24',NULL),(57,NULL,'1975-06-22',57,'2007-01-22 18:47:18',NULL),(58,NULL,'2002-01-14',58,'2011-12-10 09:57:18',NULL),(59,NULL,'1973-03-02',59,'1980-12-03 16:58:42',NULL),(60,NULL,'1988-09-01',60,'2005-01-29 02:14:14',NULL),(61,NULL,'1992-09-28',61,'1991-03-01 23:29:18',NULL),(62,NULL,'1976-03-30',62,'1999-08-09 15:02:14',NULL),(63,NULL,'1983-02-21',63,'1976-07-07 06:11:03',NULL),(64,NULL,'2004-05-02',64,'2019-01-28 02:59:09',NULL),(65,NULL,'1994-05-23',65,'1994-09-25 10:07:44',NULL),(66,NULL,'1991-09-09',66,'1986-08-16 23:38:22',NULL),(67,NULL,'1983-11-08',67,'1997-02-13 17:27:06',NULL),(68,NULL,'2004-08-28',68,'2013-12-04 11:17:38',NULL),(69,NULL,'2002-07-10',69,'2017-11-20 23:01:38',NULL),(70,NULL,'2000-01-28',70,'2007-06-26 00:45:13',NULL),(71,NULL,'2017-10-20',71,'2013-11-18 02:34:13',NULL),(72,NULL,'2013-03-08',72,'1993-10-29 21:35:59',NULL),(73,NULL,'2009-06-27',73,'1981-07-27 01:50:25',NULL),(74,NULL,'2017-06-19',74,'1994-01-13 07:25:29',NULL),(75,NULL,'2020-08-20',75,'1987-05-13 22:36:25',NULL),(76,NULL,'1973-04-03',76,'1984-11-13 14:33:36',NULL),(77,NULL,'1992-12-12',77,'1972-08-21 10:37:39',NULL),(78,NULL,'2002-10-29',78,'1986-01-01 11:04:24',NULL),(79,NULL,'1985-10-13',79,'2002-04-10 07:56:34',NULL),(80,NULL,'2017-03-13',80,'1987-09-07 14:01:01',NULL),(81,NULL,'2020-08-12',81,'1997-09-27 07:01:30',NULL),(82,NULL,'2008-12-14',82,'1998-11-21 06:50:33',NULL),(83,NULL,'1984-08-27',83,'1989-10-16 20:49:19',NULL),(84,NULL,'2009-07-07',84,'1971-12-30 23:30:14',NULL),(85,NULL,'2012-02-01',85,'2010-12-07 06:08:42',NULL),(86,NULL,'1972-10-11',86,'1986-03-28 23:21:22',NULL),(87,NULL,'1984-11-02',87,'1999-11-11 19:12:45',NULL),(88,NULL,'2017-11-13',88,'1973-09-16 14:53:15',NULL),(89,NULL,'2003-11-18',89,'1976-11-05 08:00:23',NULL),(90,NULL,'2002-03-05',90,'2009-06-01 07:34:15',NULL),(91,NULL,'1975-11-10',91,'2018-09-23 05:30:58',NULL),(92,NULL,'2005-10-01',92,'1994-05-08 11:44:35',NULL),(93,NULL,'1979-07-11',93,'1990-02-10 05:56:15',NULL),(94,NULL,'1974-07-22',94,'1982-06-03 20:00:19',NULL),(95,NULL,'1972-02-06',95,'1990-09-18 09:59:42',NULL),(96,NULL,'1988-06-11',96,'1973-10-18 02:15:45',NULL),(97,NULL,'1988-03-16',97,'1971-11-19 16:20:44',NULL),(98,NULL,'2013-03-03',98,'1994-11-25 14:55:07',NULL),(99,NULL,'2009-12-26',99,'1998-12-28 13:05:57',NULL),(100,NULL,'2020-09-10',100,'2003-12-18 04:09:59',NULL);
/*!40000 ALTER TABLE `profiles` ENABLE KEYS */;
UNLOCK TABLES;

--
-- Table structure for table `users`
--

DROP TABLE IF EXISTS `users`;
/*!40101 SET @saved_cs_client     = @@character_set_client */;
/*!40101 SET character_set_client = utf8 */;
CREATE TABLE `users` (
  `id` bigint(20) unsigned NOT NULL AUTO_INCREMENT,
  `firstname` varchar(100) COLLATE utf8mb4_unicode_ci DEFAULT NULL,
  `lastname` varchar(100) COLLATE utf8mb4_unicode_ci DEFAULT NULL COMMENT 'Фамилия',
  `email` varchar(100) COLLATE utf8mb4_unicode_ci DEFAULT NULL,
  `password_hash` varchar(100) COLLATE utf8mb4_unicode_ci DEFAULT NULL,
  `phone` bigint(20) DEFAULT NULL,
  `is_deleted` bit(1) DEFAULT b'0',
  PRIMARY KEY (`id`),
  UNIQUE KEY `email` (`email`),
  KEY `users_firstname_lastname_idx` (`firstname`,`lastname`)
) ENGINE=InnoDB AUTO_INCREMENT=101 DEFAULT CHARSET=utf8mb4 COLLATE=utf8mb4_unicode_ci;
/*!40101 SET character_set_client = @saved_cs_client */;

--
-- Dumping data for table `users`
--

LOCK TABLES `users` WRITE;
/*!40000 ALTER TABLE `users` DISABLE KEYS */;
INSERT INTO `users` VALUES (1,'Nelle','Hartmann','swiegand@example.net','5119ae287fd13e20577f7f902a8fa4bfbedb3a4b',13375644,'\0'),(2,'Bruce','Rath','cielo33@example.net','4c50b64abca94b79015e4e77ca628c332fed3a93',642,'\0'),(3,'Felicity','Koch','qcarter@example.net','b5fbbfaf613a4d3fec10a71420a7c59ddc3ad538',982,''),(4,'Edgar','Glover','sandy10@example.net','f67cd4d1b519ab09fbc387def53d8c336a04aa52',8143035,''),(5,'Reggie','Gutkowski','schuster.kristofer@example.net','86431b1271e4f085ad6ecb022068b3c07b272898',2687,''),(6,'Hildegard','Nader','ellsworth.bins@example.net','bf23fc35b8b5d3a11c83dfde0a2fd530889760aa',70385,'\0'),(7,'Floyd','Purdy','lisandro.kunde@example.net','2dd3bb156a155f9c4fd2edac42473110d8382018',0,''),(8,'Myron','Kerluke','wwiegand@example.net','1278243a34fb278aaf08aba37e67c854aeacc7ee',404,''),(9,'Emiliano','Dooley','frederique19@example.net','146613e2986a2717e302c8ffaa5e0be99c50b61f',8753131,''),(10,'Ervin','Gaylord','rosalee88@example.net','9a7efd56b936cd3536a20a34fdd8b721763f10c0',68309179,''),(11,'Sam','Robel','reba.towne@example.com','93b93a22dfeea6e8919c77611b57e582c66d5005',0,''),(12,'Noemy','Murray','miles.torp@example.org','27b24ef70763a69fc3f5a5b4f3b49b93244fd5c7',460494,'\0'),(13,'Orrin','Kuvalis','bart57@example.org','e7aed116650d8914a5d96649370ca01405007a29',4,''),(14,'Wellington','Wilderman','ikling@example.org','138dfb5e675265bab8ab6df46519155bd4000ee4',24074050,'\0'),(15,'Cicero','Hackett','robbie.weimann@example.com','a3a6ad27ebb78b74509a060b19abefc58f3f63ea',23510331,'\0'),(16,'Maudie','Purdy','lindsay.grant@example.net','b28420be64979a9e7e7864479a42aaf4e2dd71f2',264462,''),(17,'Richie','Brown','katherine33@example.net','36cc6e318a14e22a384a8dfa18a06b30ddc7cd9b',7,''),(18,'Rosemary','Nader','kuhn.efrain@example.org','c89492cf04cfd77af1d2ede0f257922e3fb750cf',0,''),(19,'Bryon','Durgan','rosie27@example.com','c5dff48fc7195f60d6665e28fc531b3d561b0bfa',8407962,'\0'),(20,'Magnus','Gerlach','raymundo.kerluke@example.org','82ccb65e9487ec5fbd956b1d36e2e4185b6b2ec0',5,''),(21,'Janae','Witting','xander93@example.net','91c564df2f48874f61c1cc64739ed7e7dad255ce',417485,'\0'),(22,'Zachary','Mills','emmy56@example.org','770f53592735d4ceb2b56c905139b05e00f0b245',734051,''),(23,'Sincere','VonRueden','wklocko@example.net','fc690867237e1017037bbf370e6bc8904d7a21ce',715911431,''),(24,'Anita','Hartmann','hkutch@example.com','1826e057fb37690f8ea08205e50b592315d95f36',29,''),(25,'Garett','Roberts','rhoeger@example.com','acaf13175a6f1fbaa1a222283ecb2e0d449c9e77',58,'\0'),(26,'Sammy','Hartmann','karolann.heidenreich@example.org','06bcb9e97432961abfda498e344a794e79524314',3435095,''),(27,'Julianne','Ziemann','berge.ella@example.net','bf55f74337174d49f5a906212d6f2dd087747f2a',88,''),(28,'Abdiel','Lynch','justice.runolfsson@example.org','74cba5de31a2dd5c823bd2401e1083c9f2a38103',194467,'\0'),(29,'Riley','Oberbrunner','altenwerth.lane@example.org','982edc058c13babafb4aa8341e7a2fff163b0443',378758,'\0'),(30,'Timmothy','Jacobi','klocko.cloyd@example.org','5f345ca8199c94cbc9d28727b4167aa4da443f61',8,'\0'),(31,'Pearlie','Cummings','crooks.colton@example.net','cb9c03355ae314b8103b90534b97f5f290b86c45',497,''),(32,'Lorenzo','Brakus','mylene02@example.net','3c8749ab86442b4070699d71283c017121a025cd',24490,'\0'),(33,'Devyn','Boyer','patricia.hodkiewicz@example.org','415b863a85a3fe8bacffc2079bd3f568595a306f',511010,'\0'),(34,'Eden','Towne','qdickinson@example.com','b0aa44685867b8ae74dba889a886201200bde167',0,'\0'),(35,'Kristy','Morar','jbahringer@example.com','4be736061cd92ad187b95ce5ad1b855139412f5d',0,'\0'),(36,'Gus','Wilderman','haag.casimer@example.org','0c24c1d665e3f025ff68976b8662a905e30fd24e',312,'\0'),(37,'Ibrahim','Murphy','jgleichner@example.com','4e8376f75d1397291b1d375be6e261a8562e8cb6',75796309,''),(38,'Misael','Osinski','russell77@example.com','da5aeca0dd6d742dd38fab1fa77588ef958b7c7e',82,''),(39,'Violette','Larkin','fritz49@example.com','d82732358262654159ec99094971b8d73df7efdb',6705749,''),(40,'Delpha','Russel','fritz.halvorson@example.com','f08f45d63e19c4868d5dcff4000b8f099e132d22',68900156,''),(41,'Tabitha','Wunsch','germaine.price@example.net','6a6107bf7052c3dbe0cb960cd7bc13eeda72942b',73,'\0'),(42,'Paolo','Murray','grady.ollie@example.org','580e27cf07166fe2d76384f5456b4775a8bea0ba',889524144,'\0'),(43,'Lorena','Schoen','cartwright.kali@example.org','117bec218469f129b7f8a3e77bf344abc5b1d895',13677582,'\0'),(44,'Kelsi','Leffler','keshawn.reinger@example.net','9ac294cd486b7bc500e0f432463f457ee597b3fa',2476244,''),(45,'Carlee','Paucek','ckuhic@example.org','5d3ed9097e64c8bae8f4b9a73a619851b765c897',98457,'\0'),(46,'Douglas','Stamm','jessyca81@example.com','e255afb6602b2a2184b3b890605589b479004252',9,''),(47,'Wyman','Treutel','kameron31@example.org','b554c335ec39aadc2ac4f9b2061d318bc1900c71',770,''),(48,'Bryana','Rice','benton96@example.org','3dc998cd33837086ca27763856e973dae921873b',0,''),(49,'Abbey','Walter','ottis.borer@example.net','129e4223a299d5f4df6206cd95f36fd0ba832570',0,''),(50,'Ashlynn','Green','orville.kris@example.com','11cf3587f2e7c56a24f1d2dbe0d3527bcdbb82ae',411157,'\0'),(51,'Flavio','Champlin','vebert@example.net','aa0b369fa8a59765b5426e49daa3d1b061cc81dc',433,'\0'),(52,'Kendra','Gorczany','gabe33@example.net','c76327c8b862a7641d44a947dabce4fa2787b844',172808,'\0'),(53,'Daisy','Labadie','jaskolski.chelsie@example.org','bc9a36d5f111fc5eccdd5329b0a9bc6c48ad3e9a',65391,''),(54,'Garfield','Hermann','magdalena83@example.org','79f8c9a4baede26fdda99617001d799c99a89ec2',722,''),(55,'Meghan','Boehm','hermann.stephen@example.com','173d62fa821582a6a8404461f7823a2147f43277',114,'\0'),(56,'Danielle','Batz','aurelia42@example.com','0396583ddbda19dd83fa83fc12641af1c0676e64',52856,''),(57,'Karine','Effertz','antwon.moen@example.com','9d8094931d511b219f60665cafbc1668a331bbdf',9541361,''),(58,'Berenice','Kerluke','marks.bruce@example.org','58ab09e44ea70e7043436c94de5fbaec0ba3a0b1',78960,'\0'),(59,'Thalia','DuBuque','mariana96@example.com','9d1e6351b7959b32a0bc5f0b9a0e24e4389e154e',0,'\0'),(60,'Brooke','Beier','obeier@example.org','e38a085c4a0ed1ebd0ec56c3ce45fcb510c738a0',0,'\0'),(61,'Cathrine','Torp','sylvester08@example.net','4d9d53e687d6ee4977fe29d02e409d9f0caafff4',413570,''),(62,'Chadd','Nienow','vmohr@example.org','e16f78a8fcec76bcf5bf5454ed584edb023dc872',51387,''),(63,'Toney','Howell','hassan05@example.net','54c14a2e7980a5371b19e17de77966919829419c',77808717,''),(64,'Colten','Blanda','jenifer28@example.org','5ef97e07b22e491c92eb18350433052808a865c3',7,'\0'),(65,'Vidal','Stamm','tatyana.corkery@example.net','f18cd84a2f67bb543effd3a5d49ad0b2718270d0',783,'\0'),(66,'Lorenza','Okuneva','gconnelly@example.com','7e2334442faa6bf703f2e17d1be4a71e72efa384',9644,'\0'),(67,'Vaughn','Hilll','may52@example.com','5129681e907aae92f939b99ac150b3a85a3136be',987876819,''),(68,'Sylvia','Lockman','karson.mayer@example.com','cb70cdb90480eda1ca1a0b5fbad68f1ba662b6ab',2359690,''),(69,'Pinkie','Bartoletti','ellie.gleason@example.com','19fb697a7a05a55ee928ae6152171e0d04286086',0,'\0'),(70,'Hazle','Denesik','jameson33@example.org','e42b815a11760e13d8c9d8ec4798d0cf24f000a4',868,'\0'),(71,'Fanny','Spinka','mbalistreri@example.com','55e32145c72d2bafc6f4c50351fc6042d9d2fea3',0,''),(72,'Mason','McClure','holson@example.com','ea8c5fae1e75d5f8b6fb13b3583180289c07547d',3912406,'\0'),(73,'Nellie','O\'Reilly','avery.feeney@example.net','968461e8515b74ff18bbc3a3a27ede060c8c8e78',130,'\0'),(74,'Emmy','Beatty','smitham.sienna@example.net','8d0df0275444cbf2e357460d46765d4a52c61ff8',170,''),(75,'Zoe','Schroeder','devin.predovic@example.com','3142748ce6c91f0bad29d16d86e67f1a0c2fa589',6434,''),(76,'Sofia','Grimes','becker.libbie@example.net','e06d0a6d72f151fffd848524c811a2c63135e7d3',2472,''),(77,'Lucienne','Hammes','pascale.mclaughlin@example.net','8f3fefa5c3ad5b1e24420212f3abb9a27d65cacb',25643,'\0'),(78,'Antone','Hermann','penelope63@example.com','ea7d7a3552105a6bc1264524a86ef43b0d69f44a',347600,'\0'),(79,'Jaron','Tremblay','apaucek@example.net','d30b24663d4f2c737e8b8b795f5e532c816aeb06',7434670,''),(80,'Sabina','Cole','brandi38@example.org','69c1093c75befb2d0584811348a5a9fca06dbf0c',423,''),(81,'Pietro','Lesch','egreenholt@example.org','9689bcfe4b98050a72b619c0f729a2fa3d9a88cd',4996396,''),(82,'Lisette','Heidenreich','ssporer@example.org','9a82aec06b5a204b116b176d9260c327e628c2f7',2771064,'\0'),(83,'Timmothy','Lesch','hyatt.tina@example.com','dbaf8dc5fb8933686e8990a290a203fdbca79cce',475936,''),(84,'Tate','Towne','mariam41@example.net','8fdbd2f46e5098bf522a1376328bc3a1a429600b',18,''),(85,'Eliza','Mertz','gunner06@example.net','d843e74a7a13c25a57044e915d7ec1aaf3d220d7',34,'\0'),(86,'Rosamond','Hyatt','zackary54@example.net','ac84bd02527f298f8897102bdb74d16c8db2cc3d',967,''),(87,'Brigitte','Fahey','kaylin.dickens@example.com','584e6ed8e60139e75182b2cb1f3cbd5d4c3dd241',3216,''),(88,'Carmella','Pacocha','cd\'amore@example.org','fa2284470b4c83e2d811e9c70ec8d331a320d7a5',905776147,'\0'),(89,'Emelia','Bradtke','marquardt.alexa@example.org','8d2a3f5770369edc31b4bfff58223dd2572f28ef',75471467,'\0'),(90,'Furman','Walker','cronin.candelario@example.org','958f87e903775f68ddf3fc4b739ebd52fd72795d',91493,'\0'),(91,'Krista','Satterfield','mertz.imogene@example.com','9c0dccf64d8f10c9e4b23f382cb9f1f3e722110c',395235,'\0'),(92,'Eryn','Schuster','hauck.ulises@example.com','6224327c16d999170645a496db83863a6a07a3c3',404,'\0'),(93,'Odell','Mosciski','abernathy.andrew@example.com','2885e91da4d837388ba8e18e998ca30100b8b25a',0,'\0'),(94,'Mac','Macejkovic','lucas.stark@example.com','283896f46dc594d91cf87aa134d37a248a6408c4',5331272,''),(95,'Christina','Ledner','bonnie.stiedemann@example.org','a67061d05059bdec5762a37d0953e866fa1de158',96,''),(96,'Jacinto','Waelchi','tevin.swift@example.com','9aef262e8fa14cd7ee7b15600f8cdbe54876959f',6004115,'\0'),(97,'Norbert','Jacobs','darwin.bednar@example.net','385eac01bc78333e26d8f51790604afeffee7204',467299,''),(98,'Melany','Quigley','ladarius48@example.com','dff40b358b17b73fcf4a287d3de63384b5edc343',7,'\0'),(99,'Citlalli','Schneider','littel.cullen@example.net','7270f271c796780d5870042e42efd36291f3348d',0,'\0'),(100,'Golda','Rolfson','reynolds.angeline@example.net','87110a0bd285a6c2e49848e79765c861709f8370',974799237,'\0');
/*!40000 ALTER TABLE `users` ENABLE KEYS */;
UNLOCK TABLES;

--
-- Table structure for table `users_communities`
--

DROP TABLE IF EXISTS `users_communities`;
/*!40101 SET @saved_cs_client     = @@character_set_client */;
/*!40101 SET character_set_client = utf8 */;
CREATE TABLE `users_communities` (
  `user_id` bigint(20) unsigned NOT NULL,
  `community_id` bigint(20) unsigned NOT NULL,
  PRIMARY KEY (`user_id`,`community_id`),
  KEY `community_id` (`community_id`),
  CONSTRAINT `users_communities_ibfk_1` FOREIGN KEY (`user_id`) REFERENCES `users` (`id`) ON DELETE CASCADE ON UPDATE CASCADE,
  CONSTRAINT `users_communities_ibfk_2` FOREIGN KEY (`community_id`) REFERENCES `communities` (`id`) ON DELETE CASCADE ON UPDATE CASCADE
) ENGINE=InnoDB DEFAULT CHARSET=utf8mb4 COLLATE=utf8mb4_unicode_ci;
/*!40101 SET character_set_client = @saved_cs_client */;

--
-- Dumping data for table `users_communities`
--

LOCK TABLES `users_communities` WRITE;
/*!40000 ALTER TABLE `users_communities` DISABLE KEYS */;
INSERT INTO `users_communities` VALUES (1,1),(2,2),(3,3),(4,4),(5,5),(6,6),(7,7),(8,8),(9,9),(10,10),(11,11),(12,12),(13,13),(14,14),(15,15),(16,16),(17,17),(18,18),(19,19),(20,20),(21,21),(22,22),(23,23),(24,24),(25,25),(26,26),(27,27),(28,28),(29,29),(30,30),(31,31),(32,32),(33,33),(34,34),(35,35),(36,36),(37,37),(38,38),(39,39),(40,40),(41,41),(42,42),(43,43),(44,44),(45,45),(46,46),(47,47),(48,48),(49,49),(50,50),(51,51),(52,52),(53,53),(54,54),(55,55),(56,56),(57,57),(58,58),(59,59),(60,60),(61,61),(62,62),(63,63),(64,64),(65,65),(66,66),(67,67),(68,68),(69,69),(70,70),(71,71),(72,72),(73,73),(74,74),(75,75),(76,76),(77,77),(78,78),(79,79),(80,80),(81,81),(82,82),(83,83),(84,84),(85,85),(86,86),(87,87),(88,88),(89,89),(90,90),(91,91),(92,92),(93,93),(94,94),(95,95),(96,96),(97,97),(98,98),(99,99),(100,100);
/*!40000 ALTER TABLE `users_communities` ENABLE KEYS */;
UNLOCK TABLES;
/*!40103 SET TIME_ZONE=@OLD_TIME_ZONE */;

/*!40101 SET SQL_MODE=@OLD_SQL_MODE */;
/*!40014 SET FOREIGN_KEY_CHECKS=@OLD_FOREIGN_KEY_CHECKS */;
/*!40014 SET UNIQUE_CHECKS=@OLD_UNIQUE_CHECKS */;
/*!40101 SET CHARACTER_SET_CLIENT=@OLD_CHARACTER_SET_CLIENT */;
/*!40101 SET CHARACTER_SET_RESULTS=@OLD_CHARACTER_SET_RESULTS */;
/*!40101 SET COLLATION_CONNECTION=@OLD_COLLATION_CONNECTION */;
/*!40111 SET SQL_NOTES=@OLD_SQL_NOTES */;

-- 2) Написать скрипт, возвращающий список имен (только firstname) пользователей без повторений в алфавитном порядке.

SELECT DISTINCT firstname FROM users
ORDER BY firstname;

-- 3) Первые пять пользователей пометить как удаленные.

UPDATE users
SET is_deleted = true
LIMIT 5;

-- 4) Написать скрипт, удаляющий сообщения «из будущего» (дата больше сегодняшней).

DELETE FROM messages
WHERE created_at > NOW();

-- 5) Написать название темы курсового проекта.

-- Игра слогонатор. Планируется написать app, в ней проходишь уровни, начиная с первого.
-- Там загаданы слова, каждому слову соответствует картинка, и даны слоги, нужно из слогов составить правильное слово.
-- На поле видны 4 картинки и 20 слогов. Когда картинка угадана, она меняется и меняются слоги.
-- на одном уровне нужно угадать 20 картинок. За прохождение уровня начисляются балы, которые можно потратить на подсказки.
-- И еще эти подсказки мижно будет купить.